facility id,notification,Attorney,Total
3704 ,P56324,KCM,7200
3704 ,P56323,KCM,7200
2526 ,P37231,BTG,3500
2526 ,P37230,BTG,3500
158141,P60306,WBW,9438.66
115862,P59039,NSF,1000
115862,P61478,NSF,1000
115862,P61475,NSF,1000
800057,P52622,BTG,3000
84456 ,P61702,NSF,2500
137966,P58832,KCM,1200
165580,P62241,WBW,1000
165580,P61253,WBW,1000
45471 ,P52196,KCM,1200
158910,P34696,NSF,10000
114801,P57815,BTG,10625
173194,P56835,NSF,1600
173194,P59918,NSF,1600
157644,P60324,LBN,500
11034 ,P55543,TRB,1000
800026,SRV105,KCM,71200
176308,P58087,KCM,1650
174718,P61707,KCM,1600
177675,P57693,KCM,5500
177813,P61439,KCM,770
6638,P61855,KCM,1500
171583,P59268,KCM,440
177814,P61437,KCM,275
158931,P60919,KCM,550
100542,P59374,KCM,1800
178420,P60130,KCM,550
8309,P61909,KCM,600
64327,P60959,KCM,1300
75495,P60960,KCM,1300
1209,P61607,KCM,3000
140811,P61069,KCM,850
148898,P61772,KCM,800
177480,P60700,KCM,600
106302,P59774,KCM,650
170043,P59305,KCM,1000
14953,P61441,KCM,1000
137111,P59338,KCM,650
137111,P59338,FAC,650
137111,P59338,INT,650
168971,P44883,INT,1100
168971,P44882,INT,1100
117466,P60917,INT,360
167023,P59780,INT,560
133991,P58597,INT,800
171711,P58086,INT,1700
171711,PERP 2459,INT,1700
35188 ,HRB2263,KCM,4000
44873 ,HRB2261,KCM,7500
44873 ,Penalty is for December 2014 and January 2015.,KCM,7500
173952,HRB2262,NAS,1000
173952,HRB2262,INT,1000
138740,P62439,INT,1500
174658,P60911,INT,1000
172253,P59637,INT,250
11818 ,P53012,BTG,72500
11818 ,P53008,BTG,72500
11818 ,P53009,BTG,72500
11818 ,P53011,BTG,72500
11818 ,P63550,BTG,72500
11818 ,P53088,BTG,72500
166488,P61716,NSF,5000
163648,P61255,MJR,750
173290,P61610,WBW,1000
73367 ,P60512,TRB,1000
800408,P59376,TRB,1000
121727,P26999,TRB,5000
20061 ,P53991,KCM,170000
20061 ,P53995,KCM,170000
20061 ,P53997,KCM,170000
20061 ,P51537,KCM,170000
20061 ,P45973,KCM,170000
79682 ,P49171,TRB,25000
79682 ,P49170,TRB,25000
79682 ,P49172,TRB,25000
175515,P63015,TRB,1000
158553,P64263,TRB,550
174644,P61272,TRB,300
173194,P59799,TRB,675
162093,P63009,TRB,550
165678,P60857,TRB,560
104641,P63750,TRB,900
177354,P63002,TRB,200
70966,P60138,TRB,2125
171905,P60671,TRB,1500
172416,P60942,TRB,1000
178480,P59789,TRB,1000
67742,P61320,TRB,850
132187,P59677,TRB,2100
174130,P60844,TRB,400
172211,P61196,TRB,300
166511,P60667,TRB,500
6488,P61324,TRB,1450
127838,P63850,TRB,1300
170730,P61269,TRB,600
180670,P64253,TRB,425
148506,P64350,TRB,200
141429,P61275,TRB,650
144422,P64002,TRB,1800
118089,P62448,TRB,600
169529,P61697,TRB,1500
165182,P60826,TRB,1200
61499,P61271,TRB,550
140445,P60931,TRB,2000
149887,P64103,TRB,1400
179544,P63205,TRB,900
175122,P64100,TRB,1600
171787,P61676,TRB,715
171782,P60949,TRB,150
175713,P63062,TRB,300
113234,P60809,TRB,1800
113234,P59347,TRB,1100
5679,P61322,TRB,4500
58990,P61981,TRB,900
178733,P63206,TRB,300
156551,P64259,TRB,400
128183,P61561,TRB,1700
131310,HRB2317,BTG,1000
72040 ,HRB2315,RRF,100
72040 ,HRB2318,RRF,100
123715,HRB2319,MJR,1500
13990 ,HRB2316,KCM,12000
13990 ,HRB2316,INT,12000
122666,P62801,NSF,32500
122666,P57648,NSF,32500
122666,P62056,NSF,32500
122666,P55671,NSF,32500
1073 ,P57642,BTG,7500
1073 ,P55546,BTG,7500
180324,P59525,MJR,2500
12876 ,P61505,RRF,1500
179210,P61115,WBW,2500
125015,P59377,RRF,10000
125015,P53146,RRF,10000
125015,P54974,RRF,10000
167111,P61975,NSF,2500
167111,P61977,NSF,2500
167111,P61966,NSF,2500
167111,P61966,FAC,2500
167111,P61966,INT,2500
177591,P53084,RRF,1000
36412 ,P59764,PH3,750
140836,P63012,PH3,1350
180111,P63017,PH3,550
130741,P61687,PH3,400
149033,P61983,PH3,600
47212 ,P64265,PH3,1170
117076,P63014,PH3,375
18524 ,P56990,PH3,400
13510 ,P62489,PH3,500
164968,P62349,PH3,950
148449,P63650,PH3,100
148449,P63650,FAC,100
148449,P63650,INT,100
133877,P60945,INT,1100
170155,P64251,INT,550
50300 ,P63953,INT,1100
142972,P63702,INT,200
170326,P61257,INT,400
16889 ,P61257,INT,5491.17
119907,P62054,BTG,25000
70481 ,P60853,BTG,500
174248,P53078,BTG,500
177691,P33594,NAS,1000
178165,P53085,RRF,2500
147371,P64500,NSF,1500
48522 ,P59508,MJR,2000
45709 ,P60331,KCM,25000
174245,P61355,BTG,1500
177448,P62020,WBW,250
177448,P62016,WBW,250
157928,P60345,WBW,1500
177590,P33593,NAS,1000
177590,P33593,FAC,1000
177590,P33593,INT,1000
159291,P53077,BTG,500
154233,P56898,MJR,500
40483,P56315,BBB,9000
144089,P61802,NSF,97500
112853,P57375,VKT,300
158910,P61509,NSF,3500
172857,P60841,NSF,6500
172857,P60847,NSF,6500
172857,P60849,NSF,6500
172857,P59323,NSF,6500
117227,P62800,NSF,15000
117227,P14151,NSF,15000
114801,P57744,BTG,115000
11119,P51982,KCM,150000
11119,P37233,KCM,150000
11119,P55534,KCM,150000
11119,P51980,KCM,150000
11119,SRV 114*,KCM,150000
11119,SRV 114*,FAC,150000
11119,SRV 114*,INT,150000
154445,P60840,INT,200
12155 ,P60840,MJR,500
11119 ,P60840,KCM,500
2812 ,P57292,WBW,42555
2812 ,P57292,FAC,42555
2812 ,P57292,INT,42555
179498,P63551,INT,1925
179498,P63553,INT,785
151081,P63202,INT,1500
74094,P61274,INT,300
107944,P61691,INT,1450
181419,P61566,INT,2200
109236,P63103,INT,300
151118,P63019,INT,750
147772,P63208,INT,450
127621,P63703,INT,1000
25649,P64106,INT,1500
177549,P61982,INT,550
171315,P64101,INT,1750
171315,P64101,FAC,1750
181319,P56043,INT,500
156658,P63010,INT,600
148579,P61276,INT,3750
72512 ,P61564,INT,700
108687,P63851,INT,4000
127043,P63601,INT,1600
169441,P64053,INT,800
171669,P64252,INT,550
171690,P64301,INT,1100
181065,P64057,INT,1600
143205,P63109,INT,1800
133145,P58288,INT,800
129213,P60043,INT,1000
129213,P60035,INT,1000
175239,P49605,INT,1000
111177,P58843,MJR,5000
111177,P62357,MJR,5000
176952,P54980,NSF,11600
178975,P60332,KCM,33000
18960 ,P62494,KCM,750
139938,P63359,KCM,1900
800089,HRB2320,TRB,830000
800089,HRB2320,INT,830000
107884,P61082,INT,900
74094 ,P60081,INT,600
165926,P64305,INT,1650
181642,P59484,INT,370
181202,P61728,INT,2200
180495,P64300,INT,1050
36471 ,P62159,INT,3800
124273,P60145,INT,800
158340,P64258,INT,700
140977,P64455,INT,550
11811 ,P64450,INT,550
180560,P60670,INT,2250
180560,P63352,INT,1500
155748,P60078,INT,2100
155748,P60078,FAC,2100
180844,P61727,INT,1100
84043 ,P61569,INT,450
36094 ,P64060,INT,600
153188,P62162,INT,600
144695,P62161,INT,1300
3647 ,P64105,INT,100
181839,P61990,INT,250
141479,P62240,INT,1000
25638 ,P37235,MJR,500
25638 ,P55672,MJR,500
172195,P61318,MJR,400
550 ,P53147,KCM,1250
166065,P60339,WBW,12759
76504 ,P58191,NAS,3000
392 ,P59679,NAS,5000
800198,P61012,NSF,6000
800198,P61013,NSF,6000
800198,P61017,NSF,6000
800198,P61011,NSF,20000
800198,P61011,INT,20000
180982,P63955,INT,1150
140146,P56986,INT,3750
180692,P63701,INT,2625
70778 ,P64513,INT,550
162093,P63021,INT,1125
174754,P63105,INT,1755
151829,P62900,INT,880
129981,P61282,INT,420
180983,P63954,INT,400
171954,P60149,INT,500
151106,P63101,INT,1100
11428 ,P63653,INT,2200
70446 ,P63505,INT,500
148152,P59532,INT,750
135419,P63602,INT,1000
135419,P63602,FAC,1000
162367,P63020,INT,600
180654,P36742,INT,550
181251,P63659,INT,1600
134694,P60864,INT,800
165700,P64010,INT,2400
137767,P60420,INT,4500
137767,P63153,INT,4500
137767,P64509,INT,4500
131892,P63056,INT,2000
8451 ,P49174,TRB,8500
8451 ,P51526,TRB,8500
8451 ,P51527,TRB,8500
169678,P61110,NSF,10000
43525 ,P64804,BBB,30780
43525 ,P60301,BBB,30780
160879,P58283,MJR,4400
150530,P61674,TRB,2800
150530,P61957,TRB,2800
108242,P60805,NSF,10000
108242,P60814,NSF,10000
108242,P60829,NSF,10000
108242,P61483,NSF,10000
108242,P61491,NSF,10000
108242,P61491,NSF,66480
135099,P61570,MJR,6000
147098,P64452,MJR,550
179971,P56735,MJR,1460
179971,P60860,MJR,1460
128980,P59793,MJR,600
45063 ,P63251,MJR,3000
181643,P59483,MJR,950
170115,P63112,MJR,500
172726,P63951,MJR,1800
181914,P63055,MJR,800
12989,P64007,MJR,1300
135135,P63956,MJR,1800
46481,P64062,MJR,600
175582,P63554,MJR,1600
152886,P62025,MJR,2600
181500,P61567,MJR,50
114393,P64052,MJR,725
114393,P64058,MJR,725
171843,P64318,MJR,550
180829,P62027,MJR,550
156902,P62160,MJR,900
145127,P62167,MJR,1700
155434,P64282,MJR,900
178463,P61995,MJR,800
172801,P61083,MJR,2400
102953,P60865,MJR,700
169126,P64154,MJR,2400
97616 ,P63063,MJR,1600
182002,P61283,MJR,850
180438,P64321,MJR,500
34636 ,P61986,MJR,800
11818 ,P61986,NSF,7750
131003,P57734,BTG,652000
47771,P57813,VKT,400
47771,P57820,VKT,400
25501,P62380,BTG,1000
13510,P62480,NSF,24000
69699,P58697,NSF,20000
127764,P58695,NSF,20000
127764,P58696,NSF,20000
69781,P60509,NSF,20000
127770,P61229,NSF,20000
127770,P61248,NSF,20000
6508,P61230,NSF,20000
6508,P61249,NSF,20000
22756,P61228,NSF,20000
22756,P61245,NSF,20000
89050 ,P60349,VKT,5506
1379 ,P64115,KCM,1200
97869 ,PERP 2460,NSF,2500
97869 ,PERP 2459,NSF,2500
182019,P60525,NSF,3500
177299,P61068,NSF,7500
178557,P64954,NSF,360
179235,P63213,NSF,2710
178002,P61989,NSF,770
127850,P64298,NSF,720
107704,P60143,NSF,4400
174662,P63045,NSF,1500
172250,P63042,NSF,825
139335,P64330,NSF,1000
126873,P63658,NSF,1400
139466,P62495,NSF,425
179743,P36746,NSF,1600
173673,P60089,NSF,700
178234,P64291,NSF,500
171242,P64657,NSF,250
120899,P63656,NSF,750
137487,P63024,NSF,300
137487,P63029,NSF,1200
181196,P56047,NSF,3200
140425,P64956,NSF,500
144633,P64320,NSF,675
173876,P60090,NSF,500
11567 ,P63709,NSF,800
106951,P50736,NSF,250
123862,P62169,NSF,1600
154943,P64655,NSF,500
174406,P62508,NAS,3000
174406,P64460,NAS,3000
130924,P63856,NAS,11000
135298,P63854,NAS,11000
53213,P63855,NAS,11000
146633,P65553,BST,900
52753 ,P63066,KCM,3750
52753 ,P63067,KCM,3750
52753 ,P63068,KCM,3750
52753 ,P63069,KCM,3750
52753 ,P63073,KCM,3750
69454 ,P61435,NAS,50000
69454 ,P62000,NAS,50000
8547 ,P49173,NSF,37000
8547 ,P52406,NSF,37000
8547 ,P61067,NSF,37000
8547 ,P61071,NSF,37000
8547 ,P64402,NSF,37000
20203,P57868,NSF,500
32840,P52996,MJR,1500
1334,P62028,BST,12000
1334,P63950,BST,12000
1334,P65501,BST,12000
158265,P63222,NSF,12000
163592,P63224,NSF,12000
163592,P64952,NSF,12000
150604,P61281,NSF,300
11119,P37244,KCM,10000
11119,P59394,KCM,10000
140519,P35779,KCM,5000
140519,P61959,KCM,5000
140519,P61962,KCM,5000
140519,P61980,KCM,5000
140519,P61985,KCM,5000
140519,P61988,KCM,5000
140519,P62235,KCM,5000
140519,P62337,KCM,5000
20061 ,P61572,KCM,101000
20061 ,P63159,KCM,101000
20061 ,P64516,KCM,101000
2018,P64516,KCM,101000
139938,P64516,KCM,13500
178441,P64516,KCM,800
178441,P65357,KCM,800
7235 ,P64125,KCM,2125
183276,P63859,KCM,5500
181506,P59689,KCM,4000
161083,P64964,KCM,500
176907,P61522,KCM,5600
139750,P64971,KCM,850
85487 ,P64971,TCF,550
85487 ,P65025,TCF,550
37376 ,P64221,TCF,1000
108901,P63221,TCF,750
177304,P60092,TCF,700
84273 ,P64073,TCF,850
178125,P63679,TCF,2000
183536,P59542,TCF,1600
11034 ,P62078,TCF,850
167392,P64916,TCF,650
178695,P65358,TCF,800
121477,P64224,TCF,800
121477,P64224,INT,800
96688 ,P59361,MJR,2500
149973,P61973,MJR,400
12155 ,P57823,AJO,1000
173917,P61107,LBN,1000
1403 ,P61107,LBN,1000
141555,P57822,RRF,350
172731,P59262,MJR,1200
172731,P59260,MJR,1200
125579,P57873,BTG,17500
126396,P50628,MJR,40000
165309,P60716,KCM,4500
800335,P54979,NSF,1500
800335,P54977,NSF,1500
89050 ,P55896,VKT,11000
89050 ,P55896,FAC,11000
89050 ,P55896,INT,11000
104004,P60417,MJR,500
164971,P61108,LBN,1000
180021,P44896,KCM,5000
800183,P53798,TRB,91500
800183,P53779,TRB,91500
800183,P60350,TRB,91500
800183,P60352,TRB,91500
800183,P60353,TRB,91500
800183,P34693,TRB,91500
171109,P26992,NAS,90000
171109,P26996,NAS,90000
171109,P26995,NAS,90000
171109,P26994,NAS,90000
171109,P55669,NAS,90000
171109,P26998,NAS,90000
69007 ,P60514,KCM,2500
179790,P62014,KCM,1500
179790,P62014,INT,1500
171465,SRV113,WBW,3000
176546,P62023,WBW,385
160477,P56729,WBW,1000
177945,P58290,WBW,825
162886,P64054,WBW,1650
169307,P61984,WBW,1100
169474,P58289,WBW,660
58673 ,P63503,WBW,2100
58673 ,P63503,FAC,2100
58673 ,P63503,INT,2100
181359,P63705,INT,3500
164319,P62022,INT,550
129437,P63106,INT,1100
174138,P61195,INT,550
87824,P61199,INT,550
180759,P61563,INT,2000
180268,P60515,INT,250
162842,P60947,INT,250
86513,P63018,INT,700
179235,P63204,INT,440
139270,P60850,INT,900
139270,P60852,INT,300
4297,P60144,INT,1800
50865,P63502,INT,700
114612,P56736,INT,1500
153479,P63507,INT,1500
153479,P63507,FAC,1500
152594,P63104,INT,650
109396,P61979,INT,500
148163,P64056,INT,550
167561,P59278,INT,1000
146167,P63800,INT,550
179176,P63355,INT,3000
115762,P64152,INT,6000
178871,P61270,INT,600
181384,P61565,INT,3200
60200,P61978,INT,650
117019,P58293,INT,425
180049,P61724,INT,800
24987,P64454,INT,400
124802,P64104,INT,2200
124802,P64104,FAC,2200
146612,P64268,INT,1600
116953,P63102,INT,800
146987,P64255,INT,1140
147056,P60836,NSF,2500
147056,P60824,NSF,2500
179181,P62618,NSF,25000
171374,P49891,MJR,500
112772,P53988,WBW,6250
57094 ,P59712,BTG,36000
57094 ,P59709,BTG,36000
800080,P34690,MJR,1000
178625,P60941,MJR,2500
178625,P60930,MJR,2500
178625,P60936,MJR,2500
91870 ,P57469,MJR,1500
3585 ,P56327,BTG,1500
164148,P60923,NSF,1000
18931 ,P54931,NSF,10000
18931 ,P54931,FAC,10000
18931 ,P54931,INT,10000
43436 ,P56330,NSF,3000
144694,P60136,PH3,1000
92361 ,P44884,WBW,206000
800089,P58231,BTG,4712500
800089,P58231,INT,4712500
2272 ,P64111,INT,960
43180 ,P63706,INT,550
157468,P56739,INT,8250
13854 ,P60519,INT,950
157781,P63203,INT,100
180374,P52995,INT,1100
175861,P63011,INT,560
131382,P60946,INT,400
178038,P61273,INT,250
14665 ,P56737,INT,800
14665 ,P56737,Nbr,800
101656,P60358,NSF,3000
119907,P37243,WBW,1000
156502,P59307,WBW,3000
156502,P59316,WBW,3000
156502,P60056,WBW,3000
156502,P60839,WBW,3000
156502,P60846,WBW,3000
141740,P61285,WBW,1200
142907,P62035,KCM,1125
20197 ,P60520,NSF,10000
3029 ,P57866,MJR,1500
131732,P57089,BTG,27000
131732,P57647,BTG,27000
126919,P60675,WBW,15000
126919,P60675,Nbr,15000
15504 ,P60569,KCM,4500
158144,P64801,KCM,62089
166937,P64271,MJR,2500
166937,P64276,MJR,2500
53729 ,P55675,KCM,29900
53729 ,P56329,KCM,29900
73022 ,P55540,KCM,4700
73022 ,P62050,KCM,4700
123867,P59629,BTG,3500
123867,P59669,BTG,3500
123867,P59670,BTG,3500
3197 ,P64003,NSF,1500
3197 ,P64003,Nbr,1500
158265,P61695,NSF,7500
158265,P61693,NSF,7500
158265,P61690,NSF,7500
158265,P59770,NSF,7500
158265,P59768,NSF,7500
158265,P59763,NSF,7500
119219,P62612,NAS,10000
119219,P62612,Nbr,10000
139282,P62612,Nbr,600
139282,P64289,Nbr,600
181770,P63041,Nbr,375
181565,P56044,Nbr,2200
181565,P56045,Nbr,2200
181190,P64307,Nbr,1000
181190,P64306,Nbr,385
181528,P63752,Nbr,660
161901,P58295,Nbr,245
183025,P64295,Nbr,360
85908 ,P61992,Nbr,450
178707,P64316,Nbr,800
178707,P60421,Nbr,850
44012,P63666,Nbr,800
173901,P64319,Nbr,1000
162110,P60086,Nbr,800
145612,P63108,Nbr,1650
157855,P61286,Nbr,330
175079,P64270,Nbr,650
115206,P64903,Nbr,360
181435,P63209,Nbr,850
131433,P64951,Nbr,800
167392,P64906,Nbr,450
178964,P64302,Nbr,900
172399,P61998,Nbr,550
151277,P62906,Nbr,950
155957,P64297,Nbr,500
181907,P64317,Nbr,350
7437 ,P61221,TRB,112000
177158,P64281,NSF,500
110577,P57470,KCM,7300
110577,P57474,KCM,7300
110577,P57478,KCM,7300
110577,P61304,KCM,7300
165625,P61562,NSF,2000
83623 ,P64120,NSF,1000
172593,P63250,NSF,1500
176463,P44888,NAS,10000
161216,P62903,NAS,1600
20741 ,P64112,PH3,1210
119098,P63064,PH3,400
168022,P64113,PH3,1200
143217,P36741,PH3,1000
178343,P63117,PH3,400
127627,P63506,PH3,600
25130 ,P64006,PH3,1100
178583,P64652,PH3,800
141785,P62904,PH3,375
177673,P59517,PH3,1100
171326,P59385,PH3,1000
181657,P59534,PH3,1650
60429 ,P62907,PH3,1700
8144 ,P62907,PH3,850
8144 ,P61571,PH3,850
172695,P64511,PH3,1600
143648,P64288,PH3,390
139811,P63030,PH3,600
165596,P61994,PH3,500
137061,P63028,PH3,550
113234,P61698,PH3,2800
113234,P64311,PH3,2800
163836,P63034,PH3,1000
52906 ,P63603,PH3,1400
152867,P60869,PH3,400
108958,P63906,PH3,4800
175965,P64286,PH3,650
11818 ,P64286,NSF,15500
2016 ,P64286,NSF,15500
11818 ,P64286,NSF,22500
2016 ,P64286,NSF,22500
115389,P58099,WBW,6000
115389,P60564,WBW,6000
800387,P62493,WBW,7089.6
142356,P64313,WBW,1500
142356,P64313,NSF,1500
7411 ,P56338,KCM,6000
7411 ,P57825,KCM,6000
180624,P63700,KCM,800
166071,P55314,BTG,21825
800074,P55538,NSF,44100
800074,P55547,NSF,44100
800074,P59382,NSF,44100
800074,P62064,NSF,44100
141295,P62502,KCM,2500
141295,P62507,KCM,2500
70915 ,P60601,WBW,500
177309,P59053,BTG,1000
39855 ,P60046,BTG,3800
39855 ,P61446,BTG,3800
39855 ,P62003,BTG,3800
177440,P63157,WBW,1000
161300,P57821,WBW,500
161190,P60342,WBW,124587.6
148631,P61683,NSF,5000
148631,P61694,NSF,5000
148631,P64304,NSF,5000
179640,P62624,NSF,10000
179641,P62625,NSF,10000
79691 ,P61445,NSF,25000
79691 ,P62021,NSF,25000
99783 ,P60652,MJR,1000
99783 ,P60653,MJR,1000
133718,P63114,MJR,550
84863 ,P61987,MJR,540
164955,P58294,MJR,410
163208,P64063,MJR,2750
146708,P63111,MJR,850
111843,P63122,MJR,550
138929,P64264,MJR,360
58114 ,P64457,MJR,800
167443,P63013,MJR,350
154097,P64284,MJR,200
19678 ,P62383,MJR,850
170643,P63031,MJR,100
167183,P60147,MJR,425
161912,P63038,MJR,100
99860 ,P63025,MJR,1200
180689,P63852,MJR,950
181229,P64110,MJR,350
144397,P64114,MJR,250
46138 ,P62905,MJR,1100
175150,P64273,MJR,600
155748,P64283,MJR,1000
177666,P58299,MJR,1900
9961 ,P64510,MJR,550
171205,P64314,MJR,420
5484 ,P64064,MJR,1700
164910,P63032,MJR,600
159681,P64008,MJR,700
159681,P64008,INT,700
115536,P60556,WBW,3000
164512,P61114,KCM,2625
164512,P61113,KCM,2625
175226,P61444,NAS,70000
175226,P61413,NAS,70000
175226,P61404,NAS,70000
175226,P61416,NAS,70000
175226,P61432,NAS,70000
164472,P60954,NSF,2500
164472,P60952,NSF,2500
117290,P62506,AJO,2500
59449 ,P59627,KCM,9700
95308 ,P61428,NSF,5000
95308 ,P61436,NSF,5000
107656,P60553,NSF,500
107656,P60552,NSF,500
107656,P60551,NSF,500
94930 ,P56320,RRF,2000
94930 ,P56320,FAC,2000
94930 ,P56320,INT,2000
176577,P60651,NSF,5000
176577,P61227,NSF,5000
27497 ,P58825,KCM,1000
29411 ,P62359,AJO,2500
29411 ,P58194,AJO,2500
113098,P60654,WBW,2000
113098,P60657,WBW,2000
118984,P62151,NAS,32000
117724,P55631,TRB,10000
800420,P59711,RRF,3150
170728,P60070,RRF,500
140316,P58595,WBW,3000
152805,P59609,RRF,4500
152805,P59609,INT,4500
33329 ,SRV108,INT,2500
138068,P60851,INT,600
34505 ,P61553,INT,780
12572 ,P61552,INT,550
166960,P60454,INT,1100
163553,P57145,INT,1500
92211 ,P62483,INT,5400
174773,P62341,INT,1320
157852,P60908,INT,550
93117 ,P60956,INT,2625
178067,P62430,INT,560
178067,P62430,FAC,560
154989,P60811,INT,650
153651,P59631,INT,1200
152645,P61767,INT,250
124816,P61669,INT,2520
25196 ,P57476,INT,2600
155338,P61670,INT,900
161831,P59781,INT,600
102977,P58088,INT,200
164076,P60062,INT,550
140144,P34678,INT,550
178713,P59269,INT,600
35188 ,HRB2272,KCM,4000
44873 ,HRB2270,KCM,2500
173952,HRB2271,NAS,1000
173952,HRB2271,INT,1000
166246,P62248,BTG,15500
166246,P61762,BTG,15500
166246,P58523,BTG,15500
166246,P62232,BTG,15500
166246,P62209,BTG,15500
115394,P62058,TRB,1000
145836,P53149,NSF,1000
162631,P61760,TRB,9000
162631,P62246,TRB,9000
82554 ,P60305,TRB,15000
82554 ,P55279,TRB,15000
800372,P56572,TRB,20000
800372,P56569,TRB,20000
136011,P62433,NSF,1000
129816,P53148,TRB,2500
115563,P62053,KCM,1000
80492 ,P48497,TRB,500
171941,P61723,NSF,1500
171941,P61723,FAC,1500
171941,P61723,INT,1500
20604 ,P57087,KCM,2200
151582,P61671,NAS,1000
23487 ,P60502,NAS,5000
85943 ,P61191,NAS,25000
85943 ,P57812,NAS,25000
85943 ,P57818,NAS,25000
85943 ,P57817,NAS,25000
172968,P60333,NSF,20000
172968,P55893,NSF,20000
800026,P61016,TRB,115500
800026,P61015,TRB,115500
800026,P61019,TRB,115500
800026,P61018,TRB,115500
800026,P61002,TRB,115500
800026,P61003,TRB,115500
800026,P61007,TRB,115500
800026,P61004,TRB,115500
800026,P61008,TRB,115500
800026,P61008,INT,115500
155088,P61264,INT,400
169847,P61660,INT,1282
154947,P61974,INT,630
173161,P60079,INT,320
75142 ,P64200,INT,2750
158231,P59276,INT,900
179636,P58284,INT,800
91699 ,P60858,INT,400
29404 ,P59797,INT,650
172416,P60939,INT,1000
160798,PE ATCM 93116,INT,425
152386,P60940,INT,500
2748 ,P56731,INT,500
35972 ,P63054,INT,1050
35972 ,P63054,FAC,1050
165514,P59790,INT,4000
142115,P63058,INT,1550
131573,P61261,INT,1800
177684,P60916,INT,300
60442 ,P62017,INT,1100
180266,P59678,INT,250
158341,P59791,INT,1200
159208,P62449,INT,1000
175609,P61023,INT,3200
178225,P63052,INT,1200
147549,P60815,INT,800
131310,HRB2312,BTG,1000
72040 ,HRB2311,RRF,100
6384 ,HRB2313,RRF,440
123715,HRB2314,MJR,1500
123715,HRB2314,INT,1500
148236,P57243,TRB,80000
145836,P57645,NSF,3000
158147,P60311,WBW,2625
119907,P37234,BTG,2500
119907,P37232,BTG,2500
800396,P56568,BTG,6000
50134 ,P57288,WBW,40000
50134 ,P57290,WBW,40000
"16, 20",P57290,WBW,40000
"16, 20",P57290,FAC,40000
"16, 20",P57290,INT,40000
172792,P55647,BTG,5500
176720,P49606,WBW,10000
11245 ,P59502,KCM,33000
11245 ,P58588,KCM,33000
143723,P57655,KCM,425000
143723,P57663,KCM,425000
143723,P57681,KCM,425000
109065,P58698,NSF,10000
159199,P60401,TRB,3000
159199,P60401,INT,3000
170522,P59332,INT,300
174177,P61496,INT,550
150440,P59326,INT,1300
171207,P58896,INT,650
140489,P60066,INT,145
140949,P60127,INT,500
167561,P61910,INT,1000
167561,P61910,FAC,1000
132189,P59632,INT,1760
2924 ,P59633,INT,1760
65740 ,P62370,INT,1000
171631,P62344,INT,520
152417,P62478,INT,2400
150501,P61185,INT,1600
35188 ,HRB2260,KCM,4000
173952,HRB2259,NAS,1000
173952,HRB2259,INT,1000
143965,P61451,WBW,5000
143965,P59996,WBW,5000
159702,P50623,NAS,500
158437,P58397,WBW,500
124904,P62467,RRF,2000
124904,P58893,RRF,2000
118699,P59995,TRB,1925
172894,P60022,KCM,1100
154395,P49230,KRW,3500
86890 ,P61208,WBW,500
174731,P59842,WBW,300
174731,P59842,INT,300
97081 ,SRV100,NAS,5000
158277,P59311,NAS,750
174433,P61853,NAS,1650
176593,P60120,NAS,4620
167322,P59303,NAS,1125
155753,P61652,NAS,300
129105,P62326,NAS,990
145456,P58591,NAS,550
146708,P60901,NAS,330
146708,P60901,FAC,330
146708,P60901,INT,330
146708,P60902,INT,450
125660,P60951,INT,2000
107668,P62330,INT,1070
26219,P61653,INT,450
174914,P59313,INT,330
174891,P61497,INT,410
148921,P61218,INT,1500
148921,P61212,INT,550
174754,P61756,INT,3850
105441,P61422,INT,480
148990,P62321,INT,200
148990,P62321,FAC,200
140244,P61415,INT,1700
157167,P62325,INT,1300
150820,P61477,INT,700
174219,P61423,INT,600
134202,P62249,INT,1260
115355,P62404,INT,1300
159107,P60039,INT,600
130060,P56840,INT,390
130060,P56844,INT,560
125104,P59306,INT,1500
129281,P59943,INT,660
129281,P59943,FAC,660
113241,P62327,INT,630
151046,P59772,INT,550
142272,P55640,INT,1600
142271,P55641,INT,1600
176731,P60900,INT,700
176731,P60903,INT,700
155346,P57691,INT,850
4242,P51981,INT,750
165091,P62331,INT,2100
174779,P60905,INT,400
2715,P59628,INT,1760
151937,P62422,INT,650
124320,P58425,INT,650
155803,P59769,INT,750
34636 ,P62333,INT,800
153004,P61482,INT,975
35188 ,HRB2230,KCM,4000
114910,HRB2231,NAS,1000
114910,HRB2231,INT,1000
170686,P51522,TRB,3333.33
25638 ,P55666,MJR,3250
56940 ,P57071,RRF,1000
136539,P59912,MJR,2000
136539,P59765,MJR,2000
136539,P59920,MJR,2000
136173,P60112,NAS,20000
129816,P52198,TRB,31000
129816,P53141,TRB,31000
145723,P51521,TRB,3333
152946,P58845,MJR,4750
132368,P57143,NSF,2500
800182,P53138,TRB,7500
800182,P53138,FAC,7500
800182,P53138,INT,7500
4477 ,P52194,MJR,17000
4477 ,P55791,MJR,17000
4477 ,P52193,MJR,17000
160141,P51523,TRB,3333.33
172278,P57572,TRB,14000
172278,P57986,TRB,14000
172278,P58837,TRB,14000
172278,P60026,TRB,14000
172278,P55642,TRB,14000
155151,P61222,WBW,200
155151,P61210,WBW,200
163652,P61223,NSF,2000
137722,P34688,NSF,2500
137722,P34688,INT,2500
151886,P58081,INT,2400
137778,P60907,INT,420
169937,P61754,INT,450
154996,P61493,INT,525
140512,P59365,INT,480
171840,P62361,INT,1400
107145,P56719,INT,1700
166601,P62334,INT,300
126427,P61851,INT,500
172231,P61751,INT,350
172231,P61751,FAC,350
153679,P59948,INT,500
154479,P62335,INT,638
14182,P62365,INT,2600
151674,P59671,INT,500
141750,P56567,INT,4400
156658,P59308,INT,675
120866,P61426,INT,550
162367,P62418,INT,375
159206,P53082,INT,1200
139142,P58080,INT,2750
139142,P58080,FAC,2750
152750,P61474,INT,450
125318,P58915,INT,700
175963,P62367,INT,8800
154943,P62329,INT,475
35188 ,HRB2233,KCM,4000
54732 ,HRB2232,NAS,1000
54732 ,HRB2232,INT,1000
130543,P60963,NSF,5000
130543,P60957,NSF,5000
160080,P60309,WBW,3670.59
177424,P60158,KCM,3500
16389 ,P57999,AJO,25000
16389 ,P60131,AJO,25000
178449,P53086,WBW,6000
105334,P59369,RRF,10000
126219,P61472,NSF,2500
134018,P60504,NSF,1000
800170,P55537,NAS,19000
800170,P55548,NAS,19000
172505,P59328,NAS,1900
172505,P60800,NAS,1900
172505,P62424,NAS,1900
5887 ,P58898,NAS,1000
5887 ,P58898,INT,1000
141473,P56717,KCM,112500
141473,P56721,KCM,112500
138034,P59661,TRB,12900
138034,P59663,TRB,12900
800182,P54975,TRB,1000
140316,P58595,WBW,6000
140316,P58599,WBW,6000
154445,P61489,WBW,650
150216,P56984,NAS,170000
150216,P56984,INT,170000
149102,P60660,INT,4000
178889,P61711,INT,3850
165878,P59348,INT,1200
169632,P61954,INT,825
173861,P60967,INT,1000
76120 ,P61551,INT,550
102137,P61663,INT,900
122876,P60508,INT,6000
122876,P60513,INT,6000
172250,P60912,INT,690
29853 ,PERP 2460,INT,500
145620,P60659,INT,200
141471,PERP 2460,INT,350
131380,P60067,INT,600
175966,P59322,INT,130
175966,P59322,FAC,130
148907,P60071,INT,150
115355,P61658,INT,450
115355,P62429,INT,450
161383,P60061,INT,150
177285,P55648,INT,300
2338,P60132,INT,1350
148835,P59777,INT,520
141324,P59674,INT,375
10267,P59714,INT,7900
175641,P61956,INT,400
56747,P60072,INT,800
147549,P60823,INT,1000
116953,P60921,INT,1440
146496,P57699,INT,1925
146496,P57698,INT,1925
40674,P61953,INT,1000
125302,P62348,INT,1600
28653 ,P62346,INT,800
175512,P62346,KCM,2400
35188 ,HRB2279,KCM,4000
44873 ,HRB2278,KCM,2500
44873 ,HRB2278,INT,2500
118984,HRB2277,NAS,1000
118984,HRB2277,INT,1000
128571,P60708,NSF,3500
128571,P55635,NSF,3500
128571,P55637,NSF,3500
47643 ,P61501,AJO,500
148291,P61442,NSF,3500
148291,P59518,NSF,3500
136398,P60155,KCM,4500
136398,P60155,FAC,4500
136398,P60155,INT,4500
100159,PERP 2458,KRW,15000
100159,P46730,KRW,15000
100159,P58077,KRW,15000
100159,P58062,KRW,15000
100159,P49299,KRW,15000
100159,PERP 2460,KRW,15000
100159,P58953,KRW,15000
18960,P61605,KCM,1050
143408,P48483,KCM,6750
143408,P48480,KCM,6750
143408,P48482,KCM,6750
143408,P48479,KCM,6750
143408,P48481,KCM,6750
800129,P56570,RRF,1000
109654,P57941,NAS,7500
109654,P57949,NAS,7500
157656,P60325,LBN,700
157656,P60325,INT,700
13990 ,P56982,KCM,4500
13990 ,P56989,KCM,4500
13990 ,P60650,KCM,4500
159755,P59662,LBN,750
159755,P59657,LBN,750
60607 ,SRV106,LBN,120000
158141,SRV107,WBW,786.56
158141,SRV107,INT,786.56
176307,P58082,INT,1650
155088,P61757,INT,480
154723,P61440,INT,3645
131982,P56726,INT,1650
173418,P61421,INT,3600
173418,P61434,INT,2000
165621,P62476,INT,200
121533,P60404,INT,1100
140761,P61755,INT,200
172195,P61309,INT,500
172195,P61309,FAC,500
151532,P55644,INT,50
178677,P59520,INT,1650
16825 ,P62154,INT,2000
169529,P61673,INT,325
15523 ,P61608,INT,1250
173381,P60965,INT,3200
137722,P34695,INT,2000
35188 ,HRB2266,KCM,4000
44873 ,HRB2265,KCM,2500
44873 ,HRB2265,INT,2500
44873 ,Penalty is for December 2014 and January 2015.,INT,2500
173952,HRB2269,NAS,1000
13990 ,HRB2264,KCM,7000
13990 ,HRB2264,INT,7000
159111,P58694,RRF,5000
69081 ,P59375,NSF,18000
177694,P60658,NSF,5000
177694,P60655,NSF,5000
33837 ,P58263,WBW,300000
33837 ,P58265,WBW,300000
33837 ,P58270,WBW,300000
144590,P60125,WBW,1500
31915 ,P60125,ERS,3328.33
000136,P60125,ERS,3328.33
107533,P59664,RRF,35000
107533,P59668,RRF,35000
136173,P61313,NAS,2500
161081,P62332,NAS,300
160079,P60326,LBN,750
140486,P59949,LBN,600
140486,P59949,FAC,600
140486,P59949,INT,600
142907,P61443,KCM,1700
166475,P60044,NAS,1000
72040 ,P59362,RRF,2000
49805 ,P49846,RRF,1200
550 ,P57819,KCM,3500
129063,P62156,NSF,25000
129063,P62153,NSF,25000
62731 ,P53083,NAS,500
58495 ,P62230,NAS,3000
139836,P60047,NSF,1500
139836,P60048,NSF,1500
157059,P59672,WBW,6292.44
157059,P59673,WBW,6292.44
176377,P57741,KCM,1875
176377,P57741,INT,1875
14148 ,P60701,INT,1200
177188,P59783,INT,550
140813,P59773,INT,2520
168818,P60920,INT,800
168890,P60909,INT,1350
175256,P61773,INT,400
137598,P62375,INT,1100
174192,P44886,INT,550
155368,P52276,INT,2250
161331,P60707,INT,580
53162 ,P57692,INT,3500
169585,P59782,INT,420
124427,P61659,INT,500
39245 ,P60803,INT,810
177741,P62479,INT,100
177741,P62479,FAC,100
162539,P62345,INT,800
170032,P62434,INT,600
124640,P59778,INT,420
170585,P59368,INT,1120
174130,P61499,INT,1100
62862,P56040,INT,250
173759,P58277,INT,700
173759,P58280,INT,2000
148451,P60407,INT,550
171242,P60810,INT,1150
140738,P59779,INT,1100
4242,P57080,INT,500
173061,P59343,INT,1200
173061,P60802,INT,1350
153913,P54928,INT,1100
153913,P54929,INT,1100
174947,P62374,INT,185
160952,P60926,INT,1040
163821,PERP 2460,INT,400
133928,P61315,INT,800
128724,P59784,INT,440
147246,P61672,INT,800
33824 ,P60804,INT,600
35188 ,HRB2275,KCM,4000
44873 ,HRB2273,KCM,2500
44873 ,HRB2273,INT,2500
159199,HRB2276,TRB,2500
173952,HRB2274,NAS,1000
173952,HRB2274,INT,1000
166073,P52627,BTG,7500
131331,P33591,WBW,1000
129910,P62218,MJR,2000
175159,P55639,BTG,27500
175159,P55645,BTG,27500
175159,P62051,BTG,27500
175159,P62052,BTG,27500
175159,P60710,BTG,27500
175159,P60709,BTG,27500
152501,P57874,WBW,1000
174703,P37239,KCM,4500
174703,P37239,INT,4500
174655,P57747,KCM,135000
174655,P58215,KCM,135000
174655,P58216,KCM,135000
174655,P58217,KCM,135000
174655,P58218,KCM,135000
174655,P58219,KCM,135000
174655,P58223,KCM,135000
174655,P58225,KCM,135000
174655,P58226,KCM,135000
174655,P58230,KCM,135000
174655,P57735,KCM,135000
174655,P57739,KCM,135000
172965,P52295,MJR,500
153263,P62432,MJR,1365
20872 ,P60137,MJR,600
165049,P60845,MJR,1500
149285,P61765,MJR,1650
149285,P61765,INT,1650
149285,P61765,FAC,1650
149285,P61268,INT,1000
139750,P61684,INT,100
170893,P61258,INT,350
179116,P63050,INT,550
160731,P60517,INT,1000
102919,P59648,INT,550
45176,P59647,INT,750
179084,P61960,INT,550
174125,P61686,INT,250
104078,P62445,INT,600
104649,P63051,INT,500
137627,P61675,INT,1080
153290,P63201,INT,400
118876,P60855,INT,1600
76689,P60516,INT,2400
151964,P63061,INT,550
146591,P61265,INT,300
136460,P61198,INT,4000
161396,P61965,INT,800
118015,P61266,INT,800
178239,P58899,INT,3200
131892,P63053,INT,1000
131310,HRB2305,BTG,1000
72040 ,HRB2296,RRF,100
72040 ,HRB2296,FAC,100
72040 ,HRB2296,INT,100
72040,HRB2297,RRF,100
72040,HRB2304,RRF,100
123715,HRB2308,MJR,1500
14966,HRB2298,RRF,5500
14966,HRB2299,RRF,1000
14966,HRB2299,FAC,1000
14966,HRB2299,INT,1000
14966,HRB2300,RRF,1000
14966,HRB2301,RRF,1000
14966,HRB2302,RRF,1000
14966,HRB2303,RRF,1000
14966,HRB2303,INT,1000
103654,P58943,VKT,750
164214,P62426,WBW,2000
164214,P62423,WBW,2000
164214,P62415,WBW,2000
164214,P62340,WBW,2000
14769 ,P58848,KCM,7500
14769 ,P58801,KCM,7500
14769 ,P58811,KCM,7500
177757,P59055,KCM,500
177286,P60122,NSF,250
177286,P60126,NSF,250
102265,P58278,NSF,65000
102265,P58275,NSF,65000
111176,P61075,NAS,18000
111176,P61078,NAS,18000
111176,P61076,NAS,18000
111176,P61077,NAS,18000
111176,P61560,NAS,18000
111176,P61559,NAS,18000
111176,P60666,NAS,18000
176239,SRV110,MJR,1500
176239,permit condition for fuel usage for July 2015.,MJR,1500
172037,P61968,MJR,1100
169250,P60075,MJR,750
47084 ,P60856,MJR,1200
172080,P62438,MJR,1200
34294 ,P61677,MJR,1365
176124,P59341,MJR,960
147565,P63200,MJR,420
36017,P59792,MJR,750
177958,P60830,MJR,575
177993,P63005,MJR,1100
116984,P61950,MJR,300
114854,P61263,MJR,480
159360,P61680,MJR,1250
155431,P59340,MJR,350
176788,P60669,MJR,1100
135328,P61688,MJR,585
121096,P58287,MJR,585
174933,P62446,MJR,550
173925,P60943,MJR,550
169293,P62440,MJR,550
62585,P64201,MJR,1300
174179,P56988,MJR,580
95952,P62013,MJR,1350
157893,P62443,MJR,1305
126407,P61689,MJR,1125
49315,P62442,MJR,1700
40681,P62444,MJR,200
40683,P62437,MJR,1125
121363,P59796,MJR,675
153126,P58286,MJR,1125
173545,P58096,MJR,400
147490,P61665,MJR,650
131417,P59646,MJR,250
176685,P61250,MJR,750
175942,P60832,MJR,2000
167930,P60453,MJR,2800
150753,P61557,MJR,600
129024,P62435,MJR,1050
156292,P60076,MJR,1400
26098,P60842,MJR,550
117042,P55917,MJR,1500
158409,P62441,MJR,1650
117494,P60937,MJR,600
177595,P60934,MJR,550
160714,P61678,MJR,3300
168535,PERP 2460,MJR,1600
178146,P61967,MJR,500
178146,P61976,MJR,1000
156040,P60080,MJR,600
147358,P61961,MJR,3400
180048,P57480,MJR,1000
171673,P60938,MJR,550
179225,P61260,MJR,690
172373,P61964,MJR,800
168709,P62342,MJR,550
168709,P60835,MJR,650
139576,P59523,MJR,800
157547,P61970,MJR,650
179992,P61717,MJR,2400
134889,P64000,MJR,1600
103978,P62436,MJR,650
162826,P61193,MJR,1600
172408,P63000,MJR,400
167466,P61682,MJR,800
133145,P60843,MJR,800
35188 ,HRB2292,KCM,1064
6331 ,HRB2293,TRB,600
123715,HRB2294,MJR,1500
123715,HRB2294,INT,1500
104017,P56978,INT,500
131310,P61556,BTG,21500
164902,P58427,NSF,6000
177014,P61550,KCM,4800
177014,P58281,KCM,4800
177014,P60415,KCM,4800
177014,P60414,KCM,4800
177014,P60413,KCM,4800
177014,P60411,KCM,4800
151388,P60821,KCM,1000
44790 ,P58593,NAS,2000
44790 ,P58598,NAS,2000
166888,P53013,NSF,11000
103684,P59474,LBN,1000
117882,P59373,NAS,20000
129660,P54926,NAS,2500
129660,P54926,FAC,2500
129660,P54926,INT,2500
59618 ,P54973,BTG,9000
6331 ,P62001,TRB,2500
126498,P61609,KCM,1600
123715,P61225,MJR,1500
123715,P61242,MJR,1500
179588,P61073,WBW,1000
43436 ,P56325,NSF,2500
800265,P62481,NSF,36000
800265,P60506,NSF,18000
155088,P61761,NSF,400
129762,P59798,NSF,390
158277,P59319,NSF,1800
158277,P59319,FAC,1800
158277,P59319,INT,1800
178889,P61715,INT,1660
179916,P62015,INT,550
116924,P62019,INT,960
177977,P61256,INT,550
129251,P59787,INT,450
177214,P59794,INT,330
152816,P62010,INT,550
177756,P60410,INT,4785
180019,P44899,INT,1375
170636,P62376,INT,3200
178532,P60966,INT,700
13854,P60505,INT,2000
175450,P61958,INT,1200
117767,P60910,INT,600
117767,P60924,INT,200
117767,P60924,FAC,200
130686,P60944,INT,420
160085,P60822,INT,1300
170643,P62428,INT,760
103440,P59795,INT,750
145363,P56724,INT,200
28968,P59636,INT,4750
28968,P59639,INT,4750
28968,P60662,INT,4750
28968,P60663,INT,4750
59,P62377,INT,1650
179613,P61194,INT,550
153304,P61685,INT,1100
179139,P59675,INT,1000
115363,P61668,INT,700
69572,P62007,INT,2200
53351,P61555,INT,550
114570,P56733,INT,1500
52607 ,P60135,INT,720
162364,P59329,INT,600
144681,P60713,INT,6500
35188 ,HRB2288,KCM,4000
72040 ,HRB2289,RRF,100
72040 ,HRB2290,RRF,100
72040 ,HRB2290,INT,100
159199,HRB2286,TRB,500
123715,HRB2287,MJR,1500
123715,HRB2287,INT,1500
115536,P52192,WBW,6500
156722,P57641,NSF,2000
7054 ,P58675,NSF,2500
134825,P59834,NSF,400
164968,P14825,NAS,750
164968,P58638,NAS,750
166979,P49882,TRB,1000
166979,P49881,TRB,1000
166979,P49881,FAC,1000
166979,P49881,INT,1000
800365,P59152,NAS,192000
800365,P59151,NAS,192000
800365,P26986,NAS,192000
800365,P26979,NAS,192000
800365,P26985,NAS,192000
800365,P55625,NAS,192000
800365,P26990,NAS,192000
800365,P26991,NAS,192000
800365,P26988,NAS,192000
800365,P26987,NAS,192000
158910,P55626,NSF,5000
13920,P55796,KCM,0
92495,P59465,JMP,500
92495,P59465,FAC,500
92495,P59465,INT,500
43201 ,P57368,KCM,2400
147527,P59360,PH3,7770
43436 ,P56317,NSF,1500
14966 ,P61214,KCM,1500
800263,P59666,KCM,1000
86119 ,P58186,KCM,1200
159287,P62244,KCM,800
153367,P62320,KCM,300
153367,P62320,FAC,300
153367,P62320,INT,300
135185,P55638,INT,5400
65274,P61484,INT,525
169322,P62242,INT,480
157336,P57635,INT,1000
173420,P60258,INT,1300
122004,P59471,INT,700
103840,P61105,INT,4400
103840,P61111,INT,4400
175295,P57686,INT,2125
166293,P59934,INT,800
166293,P59934,FAC,800
88327,P59759,INT,500
173419,P61211,INT,450
174721,P61406,INT,1300
31028,P58422,INT,1000
70446,P62363,INT,1000
25649,P58423,INT,1000
149237,P58426,INT,1000
165556,P61308,INT,1500
161492,P44874,INT,1000
165167,P58692,INT,450
150138,P49236,INT,1300
169190,P61481,INT,1900
37562 ,P61602,INT,1050
174517,P61412,INT,1000
76502 ,P57997,INT,975
104094,P60259,INT,6400
102952,P60040,INT,4000
111176,P51532,INT,1500
131507,P58405,INT,500
35188 ,HRB2214,KCM,4000
48849 ,HRB2215,KCM,1500
48849 ,HRB2216,KCM,1500
54732 ,HRB2219,NAS,1000
54732 ,HRB2219,INT,1000
114910,HRB2218,NAS,1000
114910,HRB2220,NAS,1000
171117,HRB2217,NAS,1000
171117,HRB2217,INT,1000
161754,P59406,KCM,32000
161754,P57683,KCM,32000
161754,P59404,KCM,32000
161754,P59403,KCM,32000
800189,P57814,NAS,2500
148978,P55897,WBW,1000
6384 ,P57289,RRF,50000
800183,P53796,TRB,24500
800183,P53791,TRB,24500
800183,P53782,TRB,24500
800183,P53783,TRB,24500
169962,P60323,WBW,5600
3585 ,P56322,BTG,1500
3585 ,P56322,INT,1500
7757 ,P53990,WBW,10000
7757 ,P53989,WBW,10000
167981,P56566,KCM,8400
167981,P52623,KCM,8400
142002,P57932,KCM,8800
6768 ,P62364,NSF,25000
176758,P61701,KCM,1000
800335,P54976,NSF,174000
800335,P54976,INT,174000
18931 ,P52187,NSF,5300000
18931 ,P49165,NSF,5300000
18931 ,P53133,NSF,5300000
46646 ,SRV103,NAS,17000
113518,SRV104,MJR,50000
113518,SRV104,INT,50000
98727 ,P61856,INT,990
171285,P62243,INT,745
171285,P60222,INT,705
145547,P62407,INT,1000
176986,P61427,INT,5000
177292,P56718,INT,900
162543,P59848,INT,200
97250 ,P61065,INT,1000
23401 ,P58273,INT,200
77421 ,P60705,INT,300
168509,P56037,INT,4800
176321,P61064,INT,850
5172 ,P59366,INT,500
5172 ,P59366,FAC,500
34837,P61310,INT,1500
175537,P61311,INT,2000
154188,P59345,INT,510
85542,P58895,INT,1000
143584,P61425,INT,800
171321,P60913,INT,500
171321,P60918,INT,500
62724,P59515,INT,1000
144027,P59314,INT,638
58670,P61654,INT,750
156200,P44879,INT,1800
147620,P50734,INT,2900
173527,P61438,INT,800
151937,P61657,INT,750
151937,P61657,FAC,750
168347,P60124,INT,640
137708,P60906,INT,640
51097 ,P59327,INT,6400
800265,P62477,INT,800
35188 ,HRB2254,KCM,4000
155560,HRB2251,TRB,1500
155560,HRB2252,TRB,1500
155560,HRB2252,INT,1500
155560,HRB2258,TRB,1500
114910,HRB2256,NAS,1000
159780,HRB2257,KCM,500
173952,HRB2253,NAS,1000
173952,HRB2253,INT,1000
160637,P58197,JMP,3500
5903 ,P58684,NSF,110000
94930 ,P55535,RRF,500
800030,P48740,TRB,6000000
173658,P44869,RRF,3200
800367,P50731,KCM,1500
83102 ,P62500,NSF,10500
83102 ,P62504,NSF,10500
83102 ,P62504,INT,10500
168852,P62460,RRF,500
49380 ,P60014,NSF,42500
49380 ,P60017,NSF,42500
167871,P49943,NAS,2000
62822 ,SRV97,WBW,213375.76
"31, 20",SRV97,WBW,213375.76
"31, 20",SRV97,INT,213375.76
138253,P58690,INT,1375
101667,P53080,INT,200
106897,P53081,INT,295
158422,P61650,INT,575
158701,P62408,INT,675
165997,P59762,INT,2400
157383,P62413,INT,700
162615,P44872,INT,3600
22607 ,P56321,INT,500
22607 ,P56321,FAC,500
93639,P59512,INT,340
108340,P59622,INT,450
145298,P35795,INT,478
66253,P56980,INT,1000
175183,P60117,INT,300
138360,P61457,INT,6000
126408,P62238,INT,1350
174219,P58269,INT,400
173276,P61476,INT,300
173276,P61469,INT,100
173276,P61469,FAC,100
55684,P58888,INT,1600
137433,P55633,INT,1000
161492,P44873,INT,1000
174382,P58418,INT,1100
73367,P59624,INT,500
139774,P59994,INT,250
174539,P59475,INT,1100
174539,P59476,INT,1100
154511,P58586,INT,500
140517,P59618,INT,2475
140517,P59618,FAC,2475
81626,P58582,INT,550
81626,P58587,INT,330
58670,P62409,INT,1000
174126,P61177,INT,1760
174126,P61178,INT,3600
99540,P60114,INT,8000
135809,P56983,INT,5250
118701,P58590,INT,600
134428,P58079,INT,1600
135423,P59940,INT,550
48849 ,HRB2206,KCM,1500
48849 ,HRB2207,KCM,1500
159357,HRB2210,NAS,500
159357,HRB2210,INT,500
114910,HRB2208,KCM,3000
114910,HRB2208,INT,3000
12362 ,P59831,KCM,1000
131003,P57731,JMP,2000
94117 ,P61171,NSF,2500
800080,P34686,NSF,6000
800080,P34685,NSF,6000
132889,P56285,PH3,1500
40806 ,P60018,JMP,1000
138374,P59004,NAS,500
59618 ,P55667,JMP,2500
59618 ,P55667,INT,2500
107818,P61153,NAS,4000
107818,P58043,NAS,4000
133987,P53987,JMP,3000
133987,P56565,JMP,3000
166091,P55877,NAS,50000
140502,P61165,TRB,7000
140502,P61166,TRB,7000
140502,P61167,TRB,7000
140502,P61168,TRB,7000
140502,P61169,TRB,7000
140502,P61170,TRB,7000
120076,P62405,TRB,550
120076,P62405,FAC,550
120076,P62405,INT,550
148146,P60042,INT,550
153009,P59507,INT,455
130975,P56842,INT,1000
154619,P59509,INT,770
94193,P48495,INT,715
147356,P58187,INT,2970
172134,P55794,INT,2885
165886,P59755,INT,3200
134590,P59625,INT,350
82041,P58891,INT,700
165690,P60041,INT,500
111945,P58916,INT,200
141740,P60220,INT,450
141740,P60220,FAC,450
133962,P52989,INT,400
68458,P58583,INT,1150
138240,P55630,INT,100
138240,P55632,INT,100
148591,P58259,INT,500
170925,P58828,INT,200
111289,P62356,INT,500
43441,P52990,INT,1000
154588,P59264,INT,500
167818,P57639,INT,500
109085,P55793,INT,450
175102,P59844,INT,550
175102,P59846,INT,1000
120850,P57996,INT,650
120850,P57996,FAC,650
171205,P62311,INT,1100
133967,P60037,INT,375
146025,P62401,INT,1400
146025,P62402,INT,1315
175180,P60060,INT,715
123137,P60118,INT,500
100583,P61600,INT,6600
85964 ,P60209,INT,400
171681,P56847,INT,650
14665 ,P58946,INT,1500
123871,P57636,INT,2200
103149,HRB2201,NAS,1000
2013 ,HRB2201,NAS,1000
120722,HRB2202,NAS,500
21728 ,HRB2204,TRB,2000
21728 ,HRB2205,TRB,2000
21728 ,HRB2205,INT,2000
165209,HRB2200,JMP,500
165209,HRB2200,INT,500
107976,P61057,NAS,2000
118406,P52195,TRB,50000
118406,P52191,TRB,50000
118406,P52189,TRB,50000
118406,P52183,TRB,50000
116931,P37228,TRB,10000
116931,P58212,TRB,10000
116931,P56563,TRB,10000
16934 ,P58416,KCM,1000
118681,P62459,RRF,5000
118681,P62455,RRF,5000
103484,P58830,KCM,4500
104004,P56099,MJR,8000
104004,P56099,FAC,8000
104004,P56099,INT,8000
114340,P60015,NSF,2500
143614,P61215,KCM,1000
143614,P61217,KCM,1000
116992,P58184,NAS,1500
116992,P58179,NAS,1500
6331,P61433,TRB,500
152501,P57373,WBW,1000
22229,P56296,MJR,6000
172584,P59976,MJR,750
100716,P57291,KCM,300
153199,P57857,MJR,3000
153199,P57860,MJR,3000
153199,P57069,MJR,3000
153199,P57069,FAC,3000
153199,P57069,INT,3000
170903,P49747,TRB,500
170903,P49748,TRB,500
174977,P57467,TRB,2475
160655,P61467,TRB,650
160655,P61471,TRB,1338
160655,P61487,TRB,512
162456,P60049,TRB,550
175181,P59942,TRB,550
175181,P59942,INT,550
89467 ,P61417,INT,1800
112769,P59766,INT,4000
175182,P61488,INT,1800
175182,P61473,INT,600
135043,P59626,INT,1100
176627,P60450,INT,2400
35188 ,HRB2226,KCM,4000
35188 ,HRB2226,INT,4000
54732 ,HRB2225,NAS,1000
54732 ,HRB2229,NAS,1000
114910,HRB2227,NAS,1000
114910,HRB2228,NAS,1000
114910,HRB2228,INT,1000
157632,P60303,WBW,5161.2
7411 ,P54969,KCM,9300
7411 ,P54970,KCM,9300
146463,P60254,KCM,3500
54732 ,P61174,NAS,40000
18001 ,P60253,JMP,500
172594,P59827,KCM,3300
87171 ,P53975,NAS,1000
800408,P54972,JMP,29000
800408,P54972,FAC,29000
800408,P54972,INT,29000
170608,P59253,PH3,1000
800079,P34680,KCM,16000
173106,P50627,WBW,5677.32
8220,P54148,KCM,1000
172212,P61220,NAS,1500
172212,P58844,NAS,1500
172023,P53079,WBW,500
99303,P53490,KCM,500
99303,P53495,KCM,500
159612,P60113,PH3,550
96037,P59843,RRF,1250
96037,P59843,INT,1250
53729 ,P56309,KCM,7700
174243,SRV98,NAS,140000
175509,P61408,NAS,440
59237 ,P61405,NAS,1260
148299,P62234,NAS,500
148299,P62234,FAC,500
148299,P62234,INT,500
168904,P61463,INT,375
47354,P59513,INT,2420
137200,P58996,INT,2700
109477,P56034,INT,450
164850,P59767,INT,960
173415,P59472,INT,1430
17478,P60119,INT,1950
90091,P35794,INT,500
54700,P58585,INT,1350
167414,P56093,INT,600
167414,P56093,FAC,600
167040,P62360,INT,1100
153991,P61466,INT,600
14523,P58892,INT,450
174206,P56841,INT,1100
175199,P59477,INT,2475
175199,P59478,INT,2475
64172,P57998,INT,600
80919,P59616,INT,10000
13850,P58199,INT,850
170251,P57688,INT,1250
170251,P57689,INT,1250
170251,P57690,INT,1250
160366,P61414,INT,1000
111301,P59479,INT,4250
35188 ,HRB2212,KCM,4000
160637,HRB2213,KCM,250
160637,HRB2213,INT,250
101656,P61005,NSF,90500
101656,P61006,NSF,90500
101656,P58220,NSF,90500
101656,P58221,NSF,90500
101656,P58222,NSF,90500
101656,P34684,NSF,90500
101656,P58213,NSF,90500
145836,P53139,NSF,22500
145836,P53140,NSF,22500
99157 ,P56798,PH3,1000
46268 ,P57372,NSF,1500
800089,P56614,NSF,8100000
800089,P56615,NSF,8100000
800089,P56616,NSF,8100000
800089,P56617,NSF,8100000
800089,P56618,NSF,8100000
800089,P56619,NSF,8100000
800089,P56620,NSF,8100000
800089,P56621,NSF,8100000
800089,P56622,NSF,8100000
800089,P59707,NSF,8100000
800089,P59707,FAC,8100000
800089,P59707,INT,8100000
129816,P53135,TRB,11000
129816,P53132,TRB,11000
42127,P61206,RRF,1000
68798,P58680,NSF,20000
68798,P60251,NSF,20000
800075,P55536,NSF,4500
125298,P53982,NSF,2500
125298,P53980,NSF,2500
143713,P56837,RRF,500
154130,P53984,NSF,1500
154130,P53983,NSF,1500
154130,P53981,NSF,1500
154130,P53981,INT,1500
29110 ,P53006,WBW,500
29110 ,P53005,WBW,500
159780,P57964,KCM,1000
36738 ,P55409,TRB,15000
36738 ,P46745,TRB,15000
36738 ,P30691,TRB,15000
36738 ,P61161,TRB,15000
36738 ,P61164,TRB,15000
36738 ,P61409,TRB,15000
36738 ,P53315,TRB,15000
150604,P60223,PH3,900
110630,P49745,KCM,2500
110630,P49745,FAC,2500
110630,P49745,INT,2500
149343,SRV99,NAS,35000
174516,P55798,NAS,1100
155431,P62229,NAS,1000
155431,P62224,NAS,600
73015 ,P61420,NAS,600
135997,P60400,NAS,550
170741,P57687,NAS,1000
172921,P58949,NAS,880
172921,P58949,FAC,880
172921,P58949,INT,880
164513,P61216,INT,700
136202,P61500,INT,250
175289,P57995,INT,960
147434,P58584,INT,1050
147434,P58589,INT,1050
127047,P58689,INT,1000
175375,P59947,INT,640
164994,P61700,INT,550
137491,P55797,INT,2000
175371,P52991,INT,960
150260,P52297,INT,3200
159406,P62306,INT,715
146691,P62236,INT,400
143337,P61219,INT,640
160523,P59992,INT,3900
107394,P59939,INT,480
161231,P56716,INT,500
35188 ,HRB2222,KCM,4000
35188 ,HRB2222,INT,4000
48849 ,HRB2223,KCM,1500
54732 ,HRB2221,NAS,1000
139195,HRB2224,MJR,7500
139195,HRB2224,INT,7500
175011,P61407,TRB,3000
175011,P61402,TRB,3000
157732,P60307,WBW,1050
62862 ,P56036,NSF,15000
62862 ,P56035,NSF,15000
157943,P60316,WBW,10731
155877,P57374,BTG,63000
83623 ,P61604,NSF,30000
120943,P60256,KCM,3500
120943,P60256,FAC,3500
120943,P60256,INT,3500
119504,P59051,WBW,1050
132192,P53137,TRB,10000
132192,P53136,TRB,10000
173952,P60121,NAS,16000
74267 ,P59267,NAS,3400
174960,P61770,NAS,400
168463,P44871,NAS,660
168463,P44871,FAC,660
168463,P44871,INT,660
174139,P61606,INT,2310
135319,P59630,INT,550
141707,P60958,INT,960
157293,P59333,INT,780
141000,P59304,INT,525
175351,P57640,INT,700
176397,P56038,INT,3300
149532,P60702,INT,1000
175078,P61769,INT,550
137503,P61233,INT,650
96552,P59634,INT,1650
143968,P35793,INT,1000
142375,P59771,INT,300
142375,P59771,FAC,300
158453,P59913,INT,500
177730,P56039,INT,1600
151863,P61764,INT,800
24730 ,P55649,INT,850
39156 ,P61066,INT,850
155911,P61766,INT,850
144681,P56985,INT,900
30206 ,P61771,INT,850
35188 ,HRB2248,KCM,4000
35188 ,HRB2248,INT,4000
114910,HRB2250,NAS,1000
173952,HRB2249,NAS,1000
173952,HRB2249,INT,1000
157616,P57238,BTG,317500
79201 ,P58159,NAS,20000
79201 ,P51636,NAS,20000
62901 ,P62452,MJR,12200
62901 ,P54848,MJR,12200
139010,P57816,BTG,5500
171873,P59576,RRF,1500
161011,P50630,WBW,3000
800288,P59501,TRB,15000
800288,P59667,TRB,15000
17956 ,P57861,TRB,20000
17956 ,P50349,TRB,20000
17956 ,P52272,TRB,20000
17956 ,P53122,TRB,20000
17956 ,P55668,TRB,20000
17956 ,P55668,INT,20000
44873 ,SRV101,KCM,9500
13770 ,SRV102,NSF,195000
178634,SRV102,NSF,47500
178634,SRV102,FAC,47500
178634,SRV102,INT,47500
147669,P59367,INT,1600
110411,P62417,INT,1100
147798,P61235,INT,1100
173926,P62425,INT,900
169357,P59334,INT,575
130180,P59938,INT,1000
130180,P56848,INT,300
149989,P57472,INT,950
146897,P58594,INT,4950
161492,P44876,INT,100
161492,P44876,FAC,100
162110,P61759,INT,825
168501,P61753,INT,500
160499,P61495,INT,450
142602,P60500,INT,375
177218,P58274,INT,950
176590,P61902,INT,800
176944,P52299,INT,1500
164420,P62237,INT,550
177300,P59516,INT,800
177571,P61704,INT,800
164469,P60501,INT,520
164469,P60501,FAC,520
77114 ,P60600,INT,360
132404,P61479,INT,300
132404,P61486,INT,300
160523,P61498,INT,3500
109081,P62369,INT,2400
35188 ,HRB2243,KCM,4000
35188 ,HRB2243,FAC,4000
35188 ,HRB2243,INT,4000
136173,HRB2239,NAS,5000
136173,HRB2247,NAS,5000
54732,HRB2242,NAS,1000
54732,HRB2246,NAS,1000
155560,HRB2244,TRB,1500
155560,HRB2244,INT,1500
172002,HRB2240,NAS,5000
114910,HRB2241,NAS,1000
114910,HRB2245,NAS,1000
114910,HRB2245,INT,1000
101656,P61014,NSF,57000
101656,P34692,NSF,57000
101656,P34691,NSF,57000
101656,P34687,NSF,57000
166874,P60031,TRB,500
166874,P60027,TRB,500
40034 ,P57811,VKT,2000
140811,P57680,TRB,2000
140811,P57685,TRB,2000
140811,P57684,TRB,2000
134946,P58193,KCM,9500
171619,P59819,KCM,4500
170536,P61201,KCM,3000
170536,P61205,KCM,3000
89248 ,P62505,BTG,500
89248 ,P62505,FAC,500
89248 ,P62505,INT,500
2583 ,P61418,NSF,5000
2583 ,P61419,NSF,5000
98868 ,P57520,KRW,2400
98868 ,P59824,KRW,2400
98868 ,P57525,KRW,2400
20926 ,P58930,KCM,6000
149814,P60115,TRB,1500
105508,P57293,NSF,2000
152039,P56849,NSF,2500
800149,P57858,TRB,2000
171869,P59575,RRF,1000
171869,P59575,FAC,1000
171869,P59575,INT,1000
166868,P55799,INT,1100
174300,P61184,INT,550
151886,P59265,INT,550
131747,P59266,INT,1200
144502,P52274,INT,600
165302,P60953,INT,550
154996,P61490,INT,700
138171,P60703,INT,600
139399,P62247,INT,250
162586,P61424,INT,400
162586,P61424,FAC,400
107696,P60260,INT,600
168073,P54147,INT,1700
143656,P62416,INT,850
146527,P59310,INT,750
142851,P62368,INT,1100
137052,P62475,INT,660
164353,P58894,INT,800
177090,P60262,INT,1500
176463,P61903,INT,1600
21322 ,P59514,INT,800
157841,P61904,INT,600
35188 ,HRB2237,KCM,4000
54732 ,HRB2234,NAS,1000
54732 ,HRB2236,NAS,1000
155560,HRB2238,TRB,1500
155560,HRB2238,INT,1500
114910,HRB2235,NAS,1000
114910,HRB2235,INT,1000
107976,P46792,NAS,500
131003,P57729,JMP,53100
131003,P57727,JMP,53100
131003,P57724,JMP,53100
131003,P57723,JMP,53100
131003,P57730,JMP,53100
104940,P60003,KCM,3300
13770 ,P55497,TRB,1350000
13770 ,P50626,TRB,1350000
62903 ,P58568,MJR,2400
97050 ,P55224,TRB,20000
97050 ,P58574,TRB,20000
141424,P55872,TRB,1980000
141424,P55888,TRB,1980000
141424,P55127,TRB,1980000
141424,P55494,TRB,1980000
141424,P55494,INT,1980000
171517,P56086,MJR,8000
171517,P56085,MJR,8000
142686,P56088,NSF,1500
108278,P49841,JMP,5000
104004,P56091,MJR,3260
129660,P54923,NAS,1000
158075,P55887,JMP,1200
7427 ,P52293,JMP,500
7427 ,P52293,INT,500
145836,P53131,NSF,20000
145836,P51887,NSF,20000
12.31,P51887,NSF,20000
135010,P57622,NAS,200000
135010,P57614,NAS,200000
135010,P55495,NAS,200000
163110,P58934,NAS,750
149079,P58576,NAS,550
149079,P58576,FAC,550
149079,P58576,INT,550
171285,P60207,INT,2860
44258,P59259,INT,765
103227,P58682,INT,450
135729,P59606,INT,2600
7730,P60024,INT,420
155429,P62300,INT,1575
138360,P59751,INT,700
171367,P59144,INT,850
134590,P59608,INT,1700
28830,P59971,INT,200
132099,P59907,INT,900
132099,P59907,FAC,900
52835,P59882,INT,480
143160,P59140,INT,2000
143160,P62301,INT,1000
158878,P56797,INT,750
149945,P56894,INT,1100
172385,P57569,INT,150
163097,P62203,INT,750
159208,P59977,INT,850
55102,P59211,INT,200
160715,P59351,INT,2450
160715,P59355,INT,7500
152122,P59890,INT,450
141659,P58575,INT,1700
141659,P58578,INT,2850
3665 ,P58578,INT,3500
24006 ,HRB2131,NAS,500
24006 ,permitted boiler in noncompliance with Rule 1146.,NAS,500
24006 ,permitted boiler in noncompliance with Rule 1146.,FAC,500
24006 ,permitted boiler in noncompliance with Rule 1146.,INT,500
164009,HRB2135,NAS,2500
166475,HRB2130,NAS,500
147371,HRB2134,KCM,1000
107891,HRB2129,NAS,500
102611,HRB2124,NAS,500
100600,HRB2128,KCM,500
100600,HRB2128,INT,500
100600,Penalty period covers March 2013.,INT,500
12505 ,HRB2127,KCM,500
138372,HRB2126,KCM,2000
2013,HRB2126,KCM,2000
138372,HRB2132,KCM,1000
2013,HRB2132,KCM,1000
138372,HRB2133,KCM,2000
2013,HRB2133,KCM,2000
165209,HRB2125,KCM,1000
165209,HRB2125,INT,1000
146557,P59047,NAS,2500
132068,P55524,TRB,50000
167760,P56291,NSF,25000
167760,P56287,NSF,25000
167760,P52290,NSF,25000
167760,P52291,NSF,25000
166033,P55147,NSF,450000
800030,P48742,JMP,24000
170511,P59457,PH3,600
96326 ,P30661,TRB,5000
96326 ,P53339,TRB,5000
96326 ,P57531,TRB,5000
96326 ,P57531,FAC,5000
96326 ,P57531,INT,5000
168756,P59050,KRW,250
167885,P58544,KRW,700
70028,P57460,JMP,500
160063,P61052,NSF,500
135681,P60001,NSF,850
800003,P57810,JMP,10000
22364,P46798,TRB,7000
169953,P53978,JMP,2500
8547,P49163,JMP,1000
8547,P49163,INT,1000
149814,P57463,TRB,1000
174165,P58994,TRB,1440
138073,P62202,TRB,200
146984,P58941,TRB,585
171472,P62217,TRB,550
44374 ,P59916,TRB,360
173615,P59838,TRB,220
173615,P59838,FAC,220
173615,P59838,INT,220
116160,P59919,INT,750
139399,P59221,INT,100
125900,P59613,INT,3150
160632,P59917,INT,450
142889,P58818,INT,500
143217,P59950,INT,400
150612,P60210,INT,900
128764,P56033,INT,4320
128764,P56032,INT,4320
128764,P56031,INT,4320
92642,P56695,INT,1200
92642,P56695,FAC,1200
146859,P56084,INT,300
32809,P59908,INT,750
130841,P59143,INT,638
88327,P59753,INT,1721
162254,P59126,INT,500
80668,P61303,INT,2250
160208,P59984,INT,400
88728,P56833,INT,550
145117,P59138,INT,1000
133367,P62207,INT,300
165814,P61176,INT,3500
173447,P58413,INT,935
87977 ,P62354,INT,550
140651,P57139,INT,1000
102955,P55788,INT,800
169719,P58417,INT,1000
115663,HRB2169,INT,1000
"202, 2",HRB2169,INT,1000
147371,HRB2170,KCM,1000
67705 ,HRB2167,NAS,500
12505 ,HRB2168,KCM,500
138372,HRB2166,NAS,1000
2013,HRB2166,NAS,1000
2013,HRB2166,INT,1000
138372,HRB2171,NAS,2000
2013,HRB2171,NAS,2000
138372,HRB2172,NAS,2000
2013,HRB2172,NAS,2000
2013,HRB2172,INT,2000
148971,P53896,PH3,1000
117290,P62503,KCM,1500
800396,P56562,JMP,7500
60541 ,P58939,NSF,8500
60541 ,P58933,NSF,8500
124723,P51958,TRB,100000
124723,P57058,TRB,100000
124723,P46786,TRB,100000
124723,P57052,TRB,100000
124723,P57056,TRB,100000
31046 ,P40601,MJR,300355
31046 ,Payment for Judgment Case No. RIC 414548,MJR,300355
31046 ,P41435,MJR,300355
31046 ,P41420,MJR,300355
31046 ,P47963,MJR,300355
31046 ,P47963,FAC,300355
31046 ,P47963,INT,300355
80209,P51531,BBB,1500
123451,P58842,KCM,1000
164813,P58414,PH3,500
114910,P58175,NAS,10000
114910,P58181,NAS,10000
19167,P57805,NAS,1000
20203,P57371,JMP,1500
800182,P53134,TRB,10000
1440,P62451,NSF,50000
1440,P62453,NSF,50000
8506,P48493,KCM,8000
8506,P48493,INT,8000
169250,P35791,INT,560
122666,P58688,INT,620
154813,P57637,INT,2750
167321,P60059,INT,1900
129949,P59758,INT,400
27041 ,P55792,INT,600
174204,P57466,INT,450
161948,P62410,INT,385
161948,P62410,FAC,385
127349,P60109,INT,200
148722,P62457,INT,1100
140882,P62315,INT,1000
172210,P56839,INT,800
151837,P61460,INT,1000
166381,P61452,INT,890
55729,P56899,INT,638
114686,P59989,INT,950
5814,P57859,INT,200
155445,P59754,INT,400
155445,P59754,FAC,400
165874,P36738,INT,300
142079,P62351,INT,1000
4311,P57142,INT,571
163500,P35792,INT,990
21505,P58185,INT,2600
71535,P57993,INT,750
9003,P62458,INT,500
170703,P59706,INT,100
133990,P62406,INT,550
128842,P59473,INT,1325
128842,P59473,FAC,1325
127312,P61464,INT,1260
170486,P62355,INT,350
163607,P62228,INT,450
137993,P62239,INT,490
160054,P56098,INT,550
29454,P52298,INT,1000
154959,P59761,INT,450
173061,P62225,INT,935
161875,P60116,INT,275
151919,P56846,INT,1375
167041,P58581,INT,450
168855,P59927,INT,950
15543 ,P62318,INT,1200
124770,P59621,INT,1650
16149 ,P58945,INT,840
145482,P48496,INT,500
48849 ,HRB2197,KCM,1500
48849 ,HRB2197,FAC,1500
48849 ,HRB2197,INT,1500
48849,HRB2198,KCM,1500
48849,HRB2199,KCM,1500
120722,HRB2192,NAS,1000
147371,HRB2196,KCM,1000
147371,HRB2196,INT,1000
165209,HRB2194,JMP,500
4615 ,HRB2195,RRF,500
2013 ,HRB2195,RRF,500
2013 ,HRB2195,INT,500
163928,P58036,KCM,1800
107884,P55911,NSF,10000
140373,P59573,MJR,5500
21598 ,P55665,NSF,1500
800286,P51978,JMP,4600
9668 ,P49296,NAS,8000
166581,P53076,JMP,2200
146509,P57011,NSF,800
146509,P56762,NSF,800
146509,P56762,FAC,800
146509,P56762,INT,800
128654,P56146,PH3,1000
128654,P56149,PH3,1000
128654,P57014,PH3,1000
128654,P57005,PH3,1000
168252,P53970,NSF,11000
168252,P53969,NSF,11000
168252,P53968,NSF,11000
139733,P56965,NSF,14500
166564,P53692,NSF,1500
165816,P55909,PH3,500
140518,P58116,NAS,1000
140518,P58116,FAC,1000
140518,P58116,INT,1000
800330,P37224,JMP,217000
800330,P59154,JMP,217000
800330,P52612,JMP,217000
800330,P52616,JMP,217000
800330,P52611,JMP,217000
800330,P52615,JMP,217000
800330,P52613,JMP,217000
800330,P52614,JMP,217000
43436 ,P56312,NSF,1000
115130,P52184,NAS,3000
171117,P58874,NAS,4000
135080,P59881,NAS,420
135080,P59881,FAC,420
135080,P59881,INT,420
168158,P59132,INT,900
121862,P59975,INT,1050
147675,P59130,INT,1150
159666,P59240,INT,500
130550,P56793,INT,890
169323,P59968,INT,650
113647,P56295,INT,410
171379,P59256,INT,550
139335,P59972,INT,630
139335,P59972,FAC,630
170607,P59257,INT,550
128278,P59131,INT,990
69079,P60016,INT,960
76581,P61156,INT,1100
79044,P60007,INT,800
127568,P59603,INT,1275
163177,P58073,INT,825
168194,P59880,INT,1250
133720,P57674,INT,1600
133720,P57674,FAC,1600
133720,P57677,INT,1600
119316,P58536,INT,850
146223,P58399,INT,800
156018,P58261,INT,1600
143377,P59651,INT,2250
145774,P60004,INT,800
171271,P49601,INT,2750
171271,P49602,INT,2750
139800,P57277,INT,4500
161566,P57974,INT,750
161566,P57974,FAC,750
171412,P59128,INT,1000
2493 ,P59352,INT,1000
158779,P59876,INT,4675
147091,P56888,INT,1000
17911 ,P57138,INT,600
138635,P59959,INT,750
172307,P57567,INT,550
58670 ,P59875,INT,400
172143,P53944,INT,500
24006 ,HRB2111,NAS,1500
164009,HRB2106,NAS,2500
24209 ,HRB2104,NAS,1000
147371,HRB2103,KCM,1000
147371,HRB2103,FAC,1000
147371,HRB2103,INT,1000
147371,HRB2115,KCM,1000
49572,HRB2110,KCM,2500
49111,HRB2105,NAS,7500
49111,"Penalty is for January, February and March 2013.",NAS,7500
800263,HRB2098,KCM,4000
800026,HRB2108,KCM,21000
800026,HRB2108,FAC,21000
800026,HRB2108,INT,21000
138372,HRB2099,NAS,1000
138372,HRB2109,NAS,3000
138372,HRB2112,NAS,1000
138372,HRB2113,NAS,2000
138372,HRB2114,NAS,1000
138372,HRB2114,INT,1000
167392,HRB2101,INT,1000
165209,HRB2100,JMP,1000
171117,HRB2107,NAS,1000
171117,HRB2107,FAC,1000
171117,HRB2107,INT,1000
160330,P57976,NAS,5000
82613 ,P34675,NSF,6000
164009,P52296,NAS,25000
5915,P52296,NAS,25000
158589,P50610,JMP,50000
140811,P53642,TRB,37400
97578 ,P49885,KRW,2500
126446,P61100,NAS,1000
115314,P57060,KRW,2500
800080,P34671,NSF,39000
800080,P34674,NSF,39000
137145,P58951,NAS,10000
137145,P58951,FAC,10000
137145,P58951,INT,10000
137145,P46724,INT,10000
170496,P59252,NAS,600
133349,P58527,PH3,250
77345,P60013,KCM,35800
79639,P60011,NAS,5000
79639,P60010,NAS,5000
79639,P58347,NAS,5000
150145,P57726,JMP,1000
108901,P57789,PH3,525
46169,P55413,NAS,1000
46169,P55425,NAS,1000
46169,P58307,NAS,1000
800182,P54966,TRB,40000
800182,P51883,TRB,40000
800182,P53128,TRB,40000
800182,P54958,TRB,40000
800182,P54958,INT,40000
800182,P54966,INT,40000
100600,P58069,KCM,1000
800436,P58206,KCM,10500
88343 ,P54823,NSF,10000
163465,P49920,NSF,1200
163465,P49919,NSF,1200
50310 ,P49842,NAS,3000
800030,P48733,JMP,1400000
800030,P48735,JMP,1400000
800030,P48736,JMP,1400000
800030,P48736,INT,1400000
800030,P48737,INT,1400000
800030,P26984,INT,1400000
800030,P51968,INT,1400000
800030,P48741,INT,1400000
800030,P48738,INT,1400000
158553,P56799,INT,160
55808 ,P53979,INT,585
157473,P55036,INT,1400
155431,P58535,INT,600
155372,P59248,INT,500
107071,P59974,INT,1010
107071,P59974,FAC,1010
110853,P61154,INT,840
113092,P59658,INT,620
163027,P59878,INT,930
63180,P56310,INT,2000
40290,P57633,INT,1280
120455,P58049,INT,500
70304,P59814,INT,1000
70298,P59815,INT,700
70305,P59816,INT,800
110255,P57283,INT,850
144811,P59125,INT,1360
110663,P55999,INT,800
110663,P55999,FAC,800
110663,P59353,INT,1000
139789,P59867,INT,1062
94998,P58972,INT,2040
108346,P57281,INT,2400
149530,P59464,INT,1600
169707,P57557,INT,450
146862,P58547,INT,750
14314,P60008,INT,1280
19311,P56889,INT,450
156779,P58876,INT,550
170488,P58868,INT,500
170488,P58868,FAC,500
137737,P60009,INT,375
154457,P59965,INT,500
172182,P59258,INT,550
169529,P58396,INT,1000
98725,P59970,INT,300
135882,P59244,INT,2880
158031,P55785,INT,100
171850,P57564,INT,550
171850,P57565,INT,550
163701,P58546,INT,360
171533,P59964,INT,300
166931,P56796,INT,300
134013,P59139,INT,600
134013,P59139,FAC,600
14319,P59153,INT,550
7599,P59155,INT,550
135597,P57237,INT,1000
157133,P59009,INT,300
94999,P58973,INT,1360
94996,P58983,INT,750
94997,P58984,INT,850
95000,P58985,INT,2700
137753,P58872,INT,700
137753,P58879,INT,500
153370,P59656,INT,950
126198,P58538,INT,460
134976,P61151,INT,360
164879,P55620,INT,1400
109081,P51587,INT,550
133934,P59951,INT,2300
171431,P56030,INT,770
109965,P58542,INT,450
108242,P56781,INT,450
171772,HRB2096,NAS,1000
171772,HRB2096,FAC,1000
171772,HRB2096,INT,1000
171772,"pay $1,000/month commencing October 2012.",INT,1000
171772,Penalty covers December 2012.,INT,1000
24209,HRB2094,TRB,800
147371,HRB2093,KCM,1000
79639,HRB2097,NAS,500
79639,Penalty covers January 2013.,NAS,500
138372,HRB2095,NAS,1000
165209,HRB2092,NAS,1000
165209,Penalty is for December 2012.,NAS,1000
165209,Penalty is for December 2012.,INT,1000
800181,P57369,NSF,2500
153992,P57063,JMP,2000
129498,P49840,JMP,3000
94117 ,P58025,NSF,13750
152570,P58176,NSF,1000
168002,P60023,KCM,1000
146284,P58406,MJR,15300
5887 ,P56092,MJR,5000
150233,P49295,TRB,1000
150233,P49295,FAC,1000
150233,P49295,INT,1000
91875 ,P57978,KCM,27000
167802,P53595,PH3,250
61536 ,P59500,MJR,1000
139195,P59835,MJR,15000
800026,P10406,JMP,124000
800026,P53548,JMP,124000
800026,P53549,JMP,124000
800026,P61000,JMP,124000
800026,P61001,JMP,124000
73022 ,P57309,TRB,1000
153004,P49223,PH3,2500
153004,P56678,PH3,2500
153004,P59973,PH3,2500
153004,P59973,INT,2500
45960 ,SRV95,KCM,229000
159146,SRV95,NAS,10000
128931,P58849,NAS,1200
40828 ,P60206,NAS,500
162208,P59892,NAS,3150
162208,P59884,NAS,2250
162208,P59884,FAC,2250
162208,P59884,INT,2250
22607,P56314,INT,2700
130782,P60202,INT,675
110932,P59141,INT,1890
118124,P52988,INT,600
169337,P59922,INT,550
113256,P54145,INT,1650
161374,P60030,INT,550
136202,P50696,INT,500
21517,P58921,INT,800
21517,P58921,FAC,800
126591,P53943,INT,1275
155320,P59205,INT,200
68516,P58886,INT,2000
134097,P60105,INT,1170
138755,P35785,INT,625
167477,P58262,INT,1125
25196,P56897,INT,450
139336,P60205,INT,375
152675,P59982,INT,325
122478,P58579,INT,700
100448,P58174,INT,900
172841,P59468,INT,225
134587,P60103,INT,4000
134587,P60103,FAC,4000
147300,P58834,INT,350
160450,P59255,INT,1000
163166,P54845,INT,250
46945,P55627,INT,1000
165239,P58931,INT,650
128198,P35786,INT,270
170815,P62220,INT,550
150513,P60106,INT,8500
104263,P61301,INT,400
66906,P56885,INT,1000
106764,P61302,INT,400
164817,P60208,INT,315
136870,P57985,INT,300
136870,P57985,FAC,300
146869,P59877,INT,960
142829,P59147,INT,1500
114610,P60025,INT,900
120618,P55628,INT,550
134772,P60255,INT,825
158398,P58884,INT,1000
125503,P59610,INT,900
113234,P59986,INT,845
160523,P59988,INT,2750
80387,P59837,INT,650
80387,P59837,FAC,650
144681,P59705,INT,600
88426 ,P60102,INT,750
78627 ,P60108,INT,1000
159146,P60108,NAS,10000
119940,P60108,JMP,149515
119940,P60108,INT,149515
24006 ,HRB2156,NAS,500
164009,HRB2153,NAS,2500
166475,HRB2151,NAS,500
147371,HRB2150,KCM,1000
147371,HRB2150,INT,1000
12505 ,HRB2154,KCM,500
138372,HRB2152,NAS,3000
2013,HRB2152,NAS,3000
138372,HRB2155,NAS,9000
2013,HRB2155,NAS,9000
165209,HRB2149,JMP,1000
165209,HRB2149,INT,1000
157639,P57503,KCM,1500
171214,P61103,JMP,2500
120106,P58182,NAS,10000
2526 ,P37227,JMP,10000
142517,P56977,NSF,12500
142517,P56962,NSF,12500
3721 ,P58075,MJR,2000
47771 ,P55662,TRB,2500
142536,P55531,MJR,500
142536,P55531,FAC,500
142536,P55531,INT,500
800171,P56975,JMP,139000
800171,P53540,JMP,139000
800171,P57715,JMP,139000
800171,P56611,JMP,139000
800171,P56612,JMP,139000
800171,P56613,JMP,139000
126219,P54897,JMP,12500
126219,P59038,JMP,12500
126219,P59135,JMP,12500
126219,P56815,JMP,12500
126219,P56820,JMP,12500
126219,P56818,JMP,12500
126219,P56822,JMP,12500
800170,P55528,NSF,5500
164725,P56245,NSF,155
155877,P57367,TRB,17000
67705,P56094,NAS,2000
67705,P56094,FAC,2000
67705,P56094,INT,2000
800183,P53795,KRW,148000
800183,P53781,KRW,148000
800183,P53786,KRW,148000
800183,P53790,KRW,148000
800183,P53787,KRW,148000
800183,P53788,KRW,148000
156276,P50625,MJR,4000
133996,P57066,MJR,9300
132191,P53123,TRB,6000
132191,P53124,TRB,6000
82657,P54096,NSF,10000
108933,P58938,MJR,20000
60200,P59963,PH3,300
60200,P59963,INT,300
131295,P57039,NSF,3000
131295,P58539,NSF,3000
131295,P59226,NSF,3000
52742 ,P57274,TRB,7100
52742 ,P57275,TRB,7100
52742 ,P57284,TRB,7100
52742 ,P57278,TRB,7100
123064,P46726,JMP,1000
67761 ,P58164,JMP,1000
150761,P58810,KCM,500
150761,P58810,INT,500
800150,P51888,NAS,11000
131747,P59614,NAS,840
173161,P60213,NAS,240
65891 ,P58976,NAS,1100
150455,P58549,NAS,900
150455,P58549,FAC,900
150455,P58549,INT,900
161165,P59921,INT,750
3496,P58882,INT,675
171635,P59895,INT,450
110468,P60212,INT,850
159907,P62350,INT,1000
171133,P59655,INT,550
48040,P58580,INT,1500
121523,P56948,INT,600
11310,P56298,INT,1000
11310,P56298,FAC,1000
10306,P56979,INT,1000
17943,P54143,INT,500
173485,P55629,INT,1000
173687,P58997,INT,250
136361,P58940,MJR,1500
143525,P59660,MJR,1650
143498,P55789,MJR,900
150743,P58569,MJR,225
156737,P59148,MJR,2050
131641,P56832,MJR,1000
131641,P56832,FAC,1000
131641,P56832,INT,1000
173920,P61172,INT,550
160807,P58266,INT,200
136859,P57137,INT,550
37614,P62304,INT,450
162223,P59987,INT,700
173553,P61163,INT,1100
164063,P55912,INT,2200
134396,P58998,INT,360
52002,P59236,INT,1440
52002 ,P59230,INT,480
52002 ,P60214,INT,2080
24006 ,HRB2158,NAS,1500
147371,HRB2159,KCM,1000
800074,HRB2164,NSF,10000
800074,HRB2164,FAC,10000
800074,HRB2164,INT,10000
67705,HRB2162,NAS,500
12505,HRB2161,KCM,500
138372,HRB2163,NAS,5000
138372,HRB2165,NAS,1000
138372,HRB2165,INT,1000
165209,HRB2157,JMP,3500
165209,HRB2157,INT,3500
165178,P54041,NSF,400
121215,P53071,JMP,500
19051 ,P54142,NSF,17500
138689,P54846,NAS,4000
138689,P54844,NAS,4000
166228,P49925,JMP,1000
140421,P57459,NAS,8000
140421,P57461,NAS,8000
115663,P52179,JMP,2500
115663,P52185,JMP,2500
115663,P52185,FAC,2500
115663,P52185,INT,2500
121669,P54847,NAS,8000
121669,P62450,NAS,8000
166553,P58144,NAS,4000
166553,P58143,NAS,4000
166553,P58145,NAS,4000
800234,P60020,TRB,15000
800234,P56365,TRB,15000
800234,P56387,TRB,15000
800234,P53810,TRB,15000
800234,P53831,TRB,15000
800234,P53827,TRB,15000
140583,P59463,KCM,2600
107891,P58935,NAS,14000
158821,P58370,NAS,3000
158821,P58370,FAC,3000
158821,P58370,INT,3000
158821,P58377,INT,3000
132368,P58349,NSF,2500
170922,P57630,JMP,1000
102153,P59460,JMP,10000
159155,P57664,NAS,500
1334 ,P52336,TRB,1000
1334 ,P52251,TRB,1000
129286,P57303,KCM,1000
12505 ,P56896,KCM,3600
12505 ,P56896,INT,3600
164800,P60200,INT,850
168340,P58410,INT,1200
162631,P62204,INT,4950
141593,P59134,INT,390
129490,P57775,INT,1300
129490,P57777,INT,100
163967,P57568,INT,1210
158014,P59980,INT,715
141311,P62206,INT,1170
141311,P62206,FAC,1170
32606,P56893,INT,480
121570,P57285,INT,825
22911,P55529,INT,300
155372,P60201,INT,900
163553,P58076,INT,660
144362,P59829,INT,550
18542,P58048,INT,4200
18542,P61157,INT,1950
38440,P55530,INT,750
125736,P48494,INT,6900
125736,P48494,FAC,6900
120860,P58572,INT,685
150719,P58927,INT,495
74060,P58408,INT,1560
114961,P57797,INT,1000
114961,P59903,INT,1400
144666,P58840,INT,1000
131380,P59246,INT,850
43605,P58409,INT,650
150866,P59823,INT,3025
147540,P56794,INT,800
147540,P56794,FAC,800
19130,P59826,INT,1200
105321,P55786,INT,1800
44127,P57679,INT,800
148639,P59654,INT,900
23401,P58881,INT,300
170643,P59967,INT,1200
72489,P58880,INT,6750
143310,P58543,INT,250
168875,P59243,INT,925
170810,P56292,INT,550
170810,P56292,FAC,550
152764,P59702,INT,550
155395,P58548,INT,900
157501,P59952,INT,200
116410,P59978,INT,850
16424,P58838,INT,550
72525,P58571,INT,1350
3550,P58573,INT,750
172457,P52987,INT,3000
95318,P61155,INT,150
33465,P60101,INT,1000
33465,P60101,FAC,1000
23487,P59607,INT,600
132957,P58072,INT,3850
152107,P58841,INT,900
145605,P58678,INT,1500
156200,P57570,INT,550
153338,P59893,INT,400
132213,P52294,INT,550
171782,P59910,INT,825
152667,P58260,INT,700
152667,P58260,FAC,700
102951,P60000,INT,1530
172787,P59503,INT,1100
139193,P59828,INT,1650
143057,P60052,INT,1700
25248 ,P57234,INT,300
171145,P59750,INT,550
163104,P58885,INT,1400
99008 ,P60100,INT,1800
172842,P59261,INT,875
154943,P56778,INT,850
70630 ,HRB2118,KCM,3750
2013 ,HRB2118,KCM,3750
24006 ,HRB2121,NAS,500
164009,HRB2119,NAS,2500
166475,HRB2122,NAS,1000
166475,HRB2122,INT,1000
107891,HRB2123,NAS,500
102611,HRB2117,NAS,500
100600,HRB2120,NAS,500
165209,HRB2116,JMP,1000
165209,HRB2116,INT,1000
172535,P59703,KCM,33000
146983,P59239,NAS,1000
146983,P56859,NAS,1000
115124,P56665,PH3,1300
98967 ,P58304,NSF,5000
98967 ,P58300,NSF,5000
98967 ,P58305,NSF,5000
98967 ,P56399,NSF,5000
56940 ,P57064,MJR,2250
23043 ,P58982,NAS,14000
23043 ,P58992,NAS,14000
141966,P56294,MJR,3500
141966,P56294,FAC,3500
141966,P56294,INT,3500
167840,P53933,NAS,6000
167840,P53934,NAS,6000
167840,P58924,NAS,6000
167146,P58306,NSF,33000
76348,P59812,NAS,12000
163648,P62216,PH3,1500
163648,P35777,PH3,1500
163648,P58529,PH3,1500
14049,P50347,NSF,60000
89248,P54964,TRB,6500
89248,P52572,TRB,6500
800168,P55663,NSF,500
158711,P53967,NSF,5000
158711,P53966,NSF,5000
158711,P53966,FAC,5000
158711,P53966,INT,5000
11435 ,P62501,NSF,1500
3585 ,P48199,TRB,7500
3585 ,P48198,TRB,7500
3585 ,P51880,TRB,7500
3585 ,P57062,TRB,7500
3585 ,P57051,TRB,7500
19363 ,P59350,TRB,1200
15504 ,P55532,KCM,1200
2846 ,P59402,JMP,1000
114329,P50622,KCM,210000
114329,P50621,KCM,210000
154445,P59133,PH3,500
154445,P59133,INT,500
158176,SRV90,NSF,1200
11119 ,SRV92,WBW,1000
595 ,SRV91,WBW,500
170516,P62200,WBW,550
170522,P59145,WBW,700
155446,P62305,WBW,1075
126819,P57984,WBW,1000
172080,P59885,WBW,3185
172080,P59885,FAC,3185
172080,P59885,INT,3185
172080,P59889,INT,600
154964,P56297,INT,880
159111,P56293,INT,1390
157350,P60051,INT,1080
158488,P56830,INT,840
149033,P60050,INT,1125
42676,P55664,INT,250
152644,P59981,INT,450
152644,P59981,FAC,450
171270,P59897,INT,550
23194,P57682,INT,500
67762,P60028,INT,600
143060,P60203,INT,1200
167315,P62205,INT,4620
121671,P57982,INT,1000
168673,P59879,INT,330
168673,P59883,INT,1073
168673,P59886,INT,1072
168673,P59886,FAC,1072
145756,P59872,INT,1100
151509,P56289,INT,1000
147239,P58577,INT,360
50342,P60204,INT,638
172659,P59909,INT,600
168669,P59752,INT,150
76461,PERP 2460,INT,1000
153222,P59832,INT,1400
172121,P53948,INT,1000
172121,P53948,FAC,1000
29411,P54849,INT,1200
172066,P59887,INT,675
171242,P62303,INT,535
170662,P58835,INT,500
16211,P60104,INT,3600
90057,P59960,INT,6000
172857,P59146,INT,1575
144633,P59966,INT,360
148610,P59983,INT,425
164847,P59836,INT,1400
105281,P60019,INT,900
63249 ,P58411,INT,2750
74824 ,P59896,INT,940
51097 ,P59985,INT,1950
154008,P51585,INT,250
24006 ,HRB2141,NAS,500
24006 ,HRB2141,FAC,500
24006 ,HRB2141,INT,500
164009,HRB2142,NAS,2500
166475,HRB2148,NAS,500
147371,HRB2140,KCM,1000
107891,HRB2146,NAS,500
107891,HRB2146,FAC,500
107891,HRB2146,INT,500
102611,"PALM SPRINGS UNI SCH DIST., JAMES WORK 203, 1470",NAS,500
100600,HRB2147,KCM,500
100600,Penalty period covers April 2013.,KCM,500
49111,HRB2145,NAS,7500
12505,HRB2139,KCM,500
138372,HRB2136,NAS,1000
138372,HRB2136,FAC,1000
138372,HRB2136,INT,1000
138372,HRB2143,NAS,1000
2013,HRB2143,NAS,1000
138372,HRB2144,NAS,1000
2013,HRB2144,NAS,1000
165209,HRB2137,JMP,1000
165209,HRB2137,INT,1000
5998 ,P55533,NSF,1500
107741,P57988,KCM,100
117951,P61159,MJR,6000
117951,P61158,MJR,6000
117951,P58047,MJR,6000
117951,P58046,MJR,6000
173552,P61162,NSF,1500
139848,P58989,NSF,7500
139848,P58987,NSF,7500
139848,P58993,NSF,7500
139490,P55898,NAS,10000
173271,P44866,PH3,200
173271,P44866,INT,200
171438,P61102,MJR,5000
171438,P61101,MJR,5000
159359,P59830,NAS,9000
159359,P59822,NAS,9000
159359,P60032,NAS,9000
159359,P60033,NAS,9000
159359,P60034,NAS,9000
159359,P60036,NAS,9000
159359,P60045,NAS,9000
165501,P58196,NAS,1000
147922,P53985,NAS,2500
124617,P62221,NAS,270
60374 ,P62227,NAS,1200
60374 ,P62227,FAC,1200
60374 ,P62227,INT,1200
169937,P60217,INT,200
136168,P56845,INT,900
8608,P59617,INT,900
164513,P58813,INT,200
105761,P60219,INT,1200
174069,P59931,INT,2400
148171,P62307,INT,800
167443,P59899,INT,1100
34038,P59612,INT,800
34038,P59612,FAC,800
142646,P60057,INT,400
148784,P59935,INT,100
141429,P60225,INT,375
123934,P59926,INT,250
123934,P59930,INT,375
139204,P60224,INT,750
134618,P62456,INT,1500
125607,P59506,INT,900
125607,P59506,FAC,900
133824,P57990,INT,550
152572,P59359,INT,650
158709,P56838,INT,375
170161,P59511,INT,6600
133820,P58188,INT,1800
173644,P56843,INT,1100
171562,P62233,INT,550
137061,P62313,INT,550
15907 ,P58415,INT,600
172407,P61459,INT,550
147371,HRB2189,KCM,1000
138372,HRB2188,KCM,3000
2013,HRB2188,KCM,3000
165209,HRB2185,JMP,500
165209,HRB2190,JMP,1000
4615 ,HRB2186,RRF,17000
4615 ,HRB2186,INT,17000
4615 ,HRB2187,INT,500
10/1,HRB2187,INT,500
4615 ,HRB2191,INT,500
10/1,HRB2191,INT,500
10/1,HRB2191,FAC,500
45489,P61160,KRW,93700
45489,P58039,KRW,93700
45489,P58035,KRW,93700
127606,P43150,BKT,2000
127606,P41963,BKT,2000
165888,P49924,JMP,500
146448,P46799,BBB,50
115663,P53962,BBB,1000
151385,P57956,KCM,1800
86794,P59615,TRB,4000
101325,P57977,KCM,500
174158,P49603,PH3,200
142161,P59354,MJR,4500
142161,P59357,MJR,4500
88134 ,P59127,NAS,5000
49111 ,P59581,NAS,290000
49111 ,P59580,NAS,290000
49111 ,P59582,NAS,290000
49111 ,P59583,NAS,290000
49111 ,P59584,NAS,290000
49111 ,P59585,NAS,290000
49111 ,P59586,NAS,290000
49111 ,P59587,NAS,290000
49111 ,P59588,NAS,290000
49111 ,P59589,NAS,290000
49111 ,P59590,NAS,290000
49111 ,P59591,NAS,290000
49111 ,P59592,NAS,290000
49111 ,P59593,NAS,290000
49111 ,P59598,NAS,290000
49111 ,P59577,NAS,290000
49111 ,P59578,NAS,290000
49111 ,P49847,NAS,290000
49111 ,P61350,NAS,290000
166423,P61461,NAS,750
167322,P61462,NAS,675
157471,P59914,NAS,850
140023,P59300,NAS,500
169354,P59937,NAS,1100
156115,P59263,NAS,600
13155 ,P59470,NAS,500
144811,P59894,NAS,1275
159644,P60221,NAS,1000
138041,P56827,NAS,750
164562,P61400,NAS,1000
119377,P44864,NAS,1700
119377,PERP 2457,NAS,1700
104357,P56831,NAS,650
114998,P56828,NAS,1100
125104,P61456,NAS,600
114208,P61450,NAS,200
126224,P59991,NAS,1000
174176,P59840,NAS,1100
160209,P62219,NAS,600
165725,P59998,NAS,225
148704,P61458,NAS,225
161690,P59997,NAS,550
72194,P61401,NAS,660
166764,P61454,NAS,1200
151598,P59932,NAS,75
133596,P58686,NAS,1200
171793,P35787,NAS,550
171666,P62316,NAS,550
159807,P59839,NAS,600
169249,P59358,NAS,1100
131057,P60110,NAS,300
140095,P53986,NAS,1100
172395,P59990,NAS,1250
147371,HRB2183,KCM,1000
138372,HRB2184,KCM,3000
2013,HRB2184,KCM,3000
165209,HRB2181,KCM,1000
165209,HRB2182,KCM,500
165209,HRB2182,INT,500
48849 ,P58683,KCM,11000
800075,P37225,NSF,5000
800075,P37226,NSF,5000
44173 ,P57981,MJR,27500
173153,P61054,MJR,14200
21728 ,P58942,TRB,6000
94272 ,P58074,RRF,1000
800129,P37229,RRF,7000
126961,P50698,RRF,2500
156002,P59958,RRF,900
156002,P59238,RRF,900
156002,P59238,INT,900
11119 ,P52619,KCM,61000
11119 ,P51977,KCM,61000
128243,SRV96,NAS,13000
133100,P59993,NAS,2990
153157,P59704,NAS,715
109968,P59620,NAS,840
109968,P59620,FAC,840
109968,P59620,INT,840
48574,P59929,INT,1620
118917,P62226,INT,1050
160603,P59129,INT,2700
168121,P56836,INT,495
14931,P56981,INT,600
151740,P57634,INT,550
155468,P62317,INT,550
174039,P61175,INT,200
160350,P60058,INT,1600
136705,P35789,INT,400
136705,P35789,FAC,400
148782,P59933,INT,495
154458,P59924,INT,330
137018,P35788,INT,600
153226,P62314,INT,550
169530,P62403,INT,900
152707,P52621,INT,550
46316,P50730,INT,600
169743,P62222,INT,330
28512,P58887,INT,2250
28512,P58887,FAC,2250
165784,P59142,INT,500
167281,P62353,INT,200
132364,P56829,INT,800
170730,P60215,INT,225
93019,P56299,INT,1500
171363,P56834,INT,550
38014,P55790,INT,550
164636,P58932,INT,1000
172900,P58189,INT,1000
172900,P58190,INT,1000
161240,P56096,INT,900
161240,P56096,FAC,900
170815,P62223,INT,600
170728,P60216,INT,1275
170728,P59249,INT,470
128584,P62231,INT,720
155425,P62312,INT,420
4477,P52190,INT,1000
163690,P58685,INT,1100
132814,P56095,INT,550
164345,P62400,INT,550
174389,P56097,INT,3300
150584,P57991,INT,600
9217 ,P57067,INT,550
73691 ,P57994,INT,1200
170215,P59925,INT,600
63155 ,P59999,INT,420
165281,P61453,INT,350
147371,HRB2177,KCM,1000
147371,HRB2179,KCM,1000
49111 ,HRB2176,NAS,5000
12505 ,HRB2178,KCM,500
12505 ,HRB2178,INT,500
138372,HRB2175,INT,3000
2013,HRB2175,INT,3000
165209,HRB2174,INT,1000
178133,P53993,KCM,4500
164199,P61391,KCM,4500
129949,P64262,KCM,2700
11174 ,P49176,KCM,1500
94942 ,P59407,NSF,1000
178083,P53992,KCM,7500
155049,P62011,MJR,1000
124723,P55539,TRB,90000
124723,P55541,TRB,90000
124723,P55542,TRB,90000
160190,P58083,RFL,2000
88321 ,P61231,NSF,20000
88321 ,P61246,NSF,20000
176952,P60577,NSF,3000
3665,P61603,MJR,3500
110450,P59526,KCM,1800
110450,P59531,KCM,1800
158448,P64315,MJR,500
144734,P63124,MJR,3590
177195,P60156,KCM,3750
45203,P62371,RFL,3000
177621,P59713,MJR,2500
171941,P60873,NSF,2500
148568,P61718,MJR,750
9720 ,P62754,KCM,1500
2083 ,P60550,NSF,250
2083 ,P60527,NSF,10000
146536,P64404,NSF,5000
8574 ,SRV2017-6,KCM,23400
2344 2,P63673,KCM,1500
136967,P63131,KCM,360
177975,P64909,KCM,2400
165878,P64658,KCM,300
181202,P61730,KCM,1500
183609,P64021,KCM,1925
121107,P63132,KCM,2000
157468,P56740,KCM,1500
180649,P64753,KCM,2500
179636,P63046,KCM,2400
82987 ,P62912,KCM,450
152386,P64293,KCM,750
164149,P64312,KCM,1600
172481,P62386,KCM,750
172482,P62387,KCM,750
180585,P65507,KCM,50
57211,P64209,KCM,375
148614,P63607,KCM,3000
183472,P64752,KCM,2500
147863,P63123,KCM,800
115402,P64959,KCM,375
122406,P60683,KCM,450
115011,P64901,KCM,425
73935 ,P62043,KCM,1400
167786,P64205,KCM,800
181526,P64153,KCM,1600
183519,P65352,KCM,600
175257,P61999,KCM,100
141133,P59681,KCM,500
159849,P64811,KCM,6400
183634,P63367,KCM,1600
164164,P64203,KCM,225
50310 ,P64559,NSF,4000
108905,P64357,KCM,3400
108905,P64362,KCM,3400
120174,P60123,KCM,5000
120174,P60128,KCM,5000
167143,P60812,VKT,3500
167143,P60837,VKT,3500
167143,P62201,VKT,3500
172780,P59342,NSF,10000
172780,P60801,NSF,10000
172780,P60828,NSF,10000
172780,P61963,NSF,10000
172780,P61969,NSF,10000
177673,P59517,WBW,6000
800168,P53145,WBW,1500
3585 ,P56332,BTG,27500
3585 ,P56337,BTG,27500
56191 ,P61656,NSF,250
182157,SRV 2017-1,NSF,35000
183198,P63048,NSF,350
175360,P64905,NSF,1100
108227,P60678,NSF,360
177983,P64335,NSF,1800
159324,P63217,NSF,500
129490,P63126,NSF,500
179416,P59535,NSF,1925
118601,P63671,NSF,1000
155399,P50737,NSF,360
169632,P64656,NSF,1470
176358,P64660,NSF,550
180547,P62164,NSF,450
181190,P64327,NSF,875
117644,P64327,NSF,360
117644,P64326,NSF,360
33219,P64360,NSF,600
161948,P64360,NSF,2400
161948,P63047,NSF,2400
174375,P63853,NSF,200
175268,P64661,NSF,420
155346,P63711,NSF,450
172695,P64512,NSF,5600
171797,P64512,NSF,1100
171797,P64957,NSF,1100
151944,P64957,NSF,450
151944,P64960,NSF,450
182972,P64122,NSF,825
176154,P62913,NSF,1600
181274,P63049,NSF,300
165700,P62497,NSF,2400
76271 ,P63670,NSF,3200
142688,PERP 2456,NSF,1600
175226,P62046,BTG,100000
175226,P62047,BTG,100000
122861,P53087,RRF,5000
800181,P59274,NSF,30000
800181,P59275,NSF,30000
155587,P49168,TRB,2500
177679,P49169,TRB,2500
117225,P59378,BTG,10000
178389,P58279,MJR,1000
157359,P57871,NSF,17500
172755,P64354,VKT,500
12372 ,P57869,VKT,3000
12372 ,P60558,VKT,3000
114997,P60566,WBW,1700
170855,P60341,WBW,52949.45
178832,P61805,BTG,180000
110411,P64322,BTG,300
167341,P64266,BTG,770
44374 ,P63216,BTG,600
169471,P63044,BTG,5400
68042 ,P64407,BTG,1100
173672,P36743,BTG,344
150573,P63663,BTG,750
120149,P64332,BTG,1100
170305,P61997,BTG,4000
170305,P64953,BTG,500
137099,P60085,BTG,2250
137099,P63059,BTG,2250
150075,P64292,BTG,1650
164420,P60088,BTG,1050
63249 ,P60528,BTG,1700
155393,P64902,BTG,300
178452,P60161,BTG,1500
800196,P54983,TRB,500
49111,P57748,NAS,1344000.97
49111,P57749,NAS,1344000.97
49111,P60159,NAS,1344000.97
49111,P61360,NAS,1344000.97
49111,P61361,NAS,1344000.97
49111,P61362,NAS,1344000.97
49111,P61363,NAS,1344000.97
49111,P61364,NAS,1344000.97
49111,P61365,NAS,1344000.97
49111,P61366,NAS,1344000.97
49111,P61369,NAS,1344000.97
49111,P61370,NAS,1344000.97
49111,P61371,NAS,1344000.97
49111,P61372,NAS,1344000.97
49111,P61373,NAS,1344000.97
49111,P61374,NAS,1344000.97
49111,P61375,NAS,1344000.97
49111,P61376,NAS,1344000.97
49111,P61377,NAS,1344000.97
49111,P61378,NAS,1344000.97
49111,P61381,NAS,1344000.97
49111,P61382,NAS,1344000.97
49111,P61383,NAS,1344000.97
49111,P61385,NAS,1344000.97
49111,P61386,NAS,1344000.97
49111,P61387,NAS,1344000.97
49111,P61388,NAS,1344000.97
49111,P61389,NAS,1344000.97
49111,P61390,NAS,1344000.97
49111,P61393,NAS,1344000.97
49111,P61394,NAS,1344000.97
49111,P61395,NAS,1344000.97
49111,P61396,NAS,1344000.97
49111,P61397,NAS,1344000.97
49111,P61398,NAS,1344000.97
49111,P61399,NAS,1344000.97
49111,P62600,NAS,1344000.97
49111,P62601,NAS,1344000.97
49111,P62602,NAS,1344000.97
49111,P62603,NAS,1344000.97
49111,P62604,NAS,1344000.97
49111,P62605,NAS,1344000.97
49111,P62606,NAS,1344000.97
49111,P62607,NAS,1344000.97
49111,P62608,NAS,1344000.97
49111,P62609,NAS,1344000.97
49111,P62610,NAS,1344000.97
49111,P62611,NAS,1344000.97
49111,P62613,NAS,1344000.97
49111,P62614,NAS,1344000.97
49111,P62615,NAS,1344000.97
49111,P62616,NAS,1344000.97
49111,P62617,NAS,1344000.97
49111,P62619,NAS,1344000.97
49111,P62620,NAS,1344000.97
49111,P62621,NAS,1344000.97
49111,P62622,NAS,1344000.97
49111,P62623,NAS,1344000.97
49111,P62626,NAS,1344000.97
49111,P62627,NAS,1344000.97
49111,P62628,NAS,1344000.97
49111,P62629,NAS,1344000.97
49111,P62630,NAS,1344000.97
49111,P62631,NAS,1344000.97
49111,P62632,NAS,1344000.97
49111,P62633,NAS,1344000.97
49111,P62634,NAS,1344000.97
49111,P62635,NAS,1344000.97
49111,P62636,NAS,1344000.97
49111,P62637,NAS,1344000.97
49111,P62638,NAS,1344000.97
49111,P62639,NAS,1344000.97
49111,P62640,NAS,1344000.97
49111,P62641,NAS,1344000.97
49111,P62642,NAS,1344000.97
49111,P62643,NAS,1344000.97
49111,P62647,NAS,1344000.97
49111,P62648,NAS,1344000.97
49111,P62649,NAS,1344000.97
49111,P63350,NAS,1344000.97
49111,P63356,NAS,1344000.97
49111,P63357,NAS,1344000.97
49111,P63358,NAS,1344000.97
49111,P63361,NAS,1344000.97
49111,P63362,NAS,1344000.97
49111,P63363,NAS,1344000.97
49111,P63364,NAS,1344000.97
49111,P64565,NAS,1344000.97
49111,P64702,NAS,1344000.97
49111,P64703,NAS,1344000.97
49111,P64704,NAS,1344000.97
49111,P64705,NAS,1344000.97
49111,P64706,NAS,1344000.97
49111,P64707,NAS,1344000.97
49111,P64708,NAS,1344000.97
49111,P64709,NAS,1344000.97
49111,P64710,NAS,1344000.97
49111,P64711,NAS,1344000.97
49111,P64712,NAS,1344000.97
49111,P64713,NAS,1344000.97
49111,P64714,NAS,1344000.97
49111,P64716,NAS,1344000.97
49111,P64718,NAS,1344000.97
49111,P64719,NAS,1344000.97
49111,P64720,NAS,1344000.97
49111,P64721,NAS,1344000.97
49111,P64722,NAS,1344000.97
49111,P64723,NAS,1344000.97
49111,P64724,NAS,1344000.97
49111,P64725,NAS,1344000.97
49111,P64726,NAS,1344000.97
49111,P64727,NAS,1344000.97
49111,P64728,NAS,1344000.97
49111,P64729,NAS,1344000.97
49111,P64730,NAS,1344000.97
49111,P64731,NAS,1344000.97
49111,P64732,NAS,1344000.97
49111,P64733,NAS,1344000.97
49111,P64734,NAS,1344000.97
49111,P64735,NAS,1344000.97
49111,P64736,NAS,1344000.97
49111,P64737,NAS,1344000.97
49111,P64738,NAS,1344000.97
49111,P64739,NAS,1344000.97
49111,P64741,NAS,1344000.97
49111,P64742,NAS,1344000.97
49111,P64743,NAS,1344000.97
49111,P64744,NAS,1344000.97
49111,P64745,NAS,1344000.97
49111,P64746,NAS,1344000.97
49111,P64747,NAS,1344000.97
49111,P64748,NAS,1344000.97
63180,P56339,TRB,7500
63180,P56340,TRB,7500
178692,P60868,NSF,3000
178692,P60871,NSF,3000
153033,P62057,VKT,3000
171204,P58292,TRB,21000
171204,P58296,TRB,21000
122744,P60077,TRB,900
122744,P60082,TRB,900
131554,P59370,NAS,5000
800429,P62492,KCM,3050
800429,P62498,KCM,3050
170208,P62018,NSF,84000
170208,P64150,NSF,84000
176952,P60555,NSF,500
178222,P60160,NSF,250
136,P57867,TRB,10000
158460,P60872,NSF,750
158460,P61306,NSF,750
158460,P61307,NSF,750
174342,P59363,MJR,4000
174342,P59364,MJR,4000
89731,P60523,TRB,2500
105719,P62910,TRB,200
92231,P63504,MJR,2000
174655,P45972,NSF,80000
800436,P58227,NSF,80000
181943,P60680,NAS,13000
181943,P60681,NAS,13000
3337 ,P62372,TRB,9000
99119 ,P60264,NAS,100000
147767,P64216,NAS,1650
158101,P63756,NAS,750
175151,P65705,NAS,550
96962 ,P64018,NAS,825
75320,P62499,NAS,3300
184271,P65651,NAS,550
140400,P63958,NAS,450
87998,P64070,NAS,1900
94998,P64161,NAS,1225
170730,P64911,TCF,400
171863,P64966,TCF,275
184122,P63223,TCF,1000
180446,P63860,TCF,1400
172998,P59538,TCF,550
183953,P65015,TCF,800
148736,P64667,TCF,1100
181526,P64170,TCF,5000
152044,P65701,TCF,550
94997,P62036,TCF,2600
95000,P64162,TCF,1225
94999 ,P62037,TCF,1225
94996 ,P62038,TCF,1225
183928,P64127,TCF,2100
178589,P64908,TCF,2000
178589,P61284,TCF,1000
178589,P61284,Nbr,1000
173008,P64269,TRB,1925
800205,P59270,TRB,750
138689,P64119,TRB,6100
1744 ,P64459,TRB,16000
1744 ,P64462,TRB,16000
182503,P62909,NSF,150000
12428 ,P14152,NSF,3500
12428 ,P59272,NSF,3500
12428 ,P60268,NSF,3500
160499,P59344,NAS,4200
160499,P60808,NAS,4200
113329,P60661,NAS,12500
113329,P60664,NAS,12500
113329,P60664,Nbr,12500
173108,P64151,MJR,2500
173108,P64166,MJR,2500
43201 ,P59271,NAS,5000
43201 ,P64355,NAS,5000
120801,P60526,NSF,30000
19390 ,P52199,TRB,6000
19390 ,P60565,TRB,6000
129497,P57076,TRB,5000
14966 ,P62914,TRB,500
14966 ,P62915,TRB,4300
346 ,P57646,BTG,1023000
346 ,P57646,Nbr,1023000
52879 ,P57646,KCM,2350
117466,P63134,KCM,1800
117466,P63134,KCM,1700
139314,P60536,KCM,2200
170052,P65453,KCM,900
149405,P65453,KCM,1600
149405,P64364,KCM,1600
173011,P65508,KCM,1260
173011,P65508,Nbr,1260
32619,P64361,Nbr,450
184189,P64754,Nbr,1100
184189,P64755,Nbr,1100
45063,P63252,Nbr,825
180736,P60537,Nbr,330
181506,P59682,Nbr,2000
168982,P63911,Nbr,410
137244,P59541,Nbr,675
96326,P64359,Nbr,3000
163177,P64168,Nbr,1275
145966,P65010,Nbr,2300
155202,P64912,Nbr,400
180250,P64333,Nbr,600
184081,P64230,Nbr,250
135904,P63606,Nbr,6300
85943 ,P61736,Nbr,1800
9720 ,P59540,Nbr,2000
32315 ,P62175,Nbr,400
32315 ,P62175,NOV,400
148236,P57083,TRB,10000
22911,P64403,TRB,73150
146284,P62373,BTG,365500
161141,P64260,BTG,350
800074,P37245,NSF,5000
800234,P58093,TRB,3500
800234,P59279,TRB,3500
800234,P59281,TRB,3500
172005,P64408,KRW,1000
47781,P57084,TRB,250
164257,P60340,TRB,85613
164257,P60340,NOV,85613
60812,P64124,NOV,10000
7427,P57865,TRB,2500
173247,P53994,TRB,6000
800079,P34694,TRB,7500
800079,P61510,TRB,7500
800079,P61511,TRB,7500
800079,P61512,TRB,7500
132192,P57091,TRB,500
14437,P59273,VKT,5000
14437,P59273,NOV,5000
159208,P63040,NOV,600
153199,P53143,MJR,6500
153199,P57090,MJR,6500
153199,P57863,MJR,6500
153199,P57870,MJR,6500
177615,P60503,BTG,1500000
175516,P64340,BTG,1000
175516,P64340,NOV,1000
175516,P64346,NOV,1300
182118,P64341,NOV,720
182118,P64344,NOV,2580
143695,P64347,NOV,1365
169906,P64324,NOV,1700
121570,P63910,NOV,675
55810,P65001,NOV,650
118937,P64309,NOV,1500
183192,P36747,NOV,550
158340,P65002,NOV,800
20943,P62173,NOV,1100
37781,P65355,NOV,750
100159,PERP 2457,NOV,1500
176731,P63125,NOV,750
157059,P64065,NOV,1500
160406,P64163,NOV,375
24244,P63510,NOV,1000
100168,P63129,NOV,600
78782,PERP 2457,NOV,1500
181526,P64165,NOV,2000
139448,P65356,NOV,400
136929,P65011,NOV,450
182827,P63558,NOV,1100
170424,P64967,NOV,450
165278,P64345,NOV,600
141488,P63677,NOV,1600
61981 ,P63677,NSF,15000
122666,P62806,NSF,50000
122666,P62807,NSF,50000
110268,P60327,WBW,12500
141450,P64102,RFL,1000
141450,P64109,RFL,1000
94930 ,P55673,RFL,500
148322,P55673,KCM,1050
148322,P64256,KCM,1050
162281,P65451,NAS,1500
175388,P64277,NAS,1500
179762,P64274,NAS,1500
179762,P63212,NAS,1500
179762,P63060,NAS,1500
2017 ,P63039,NAS,1500
2017 ,P63026,NAS,1500
2017 ,P63023,NAS,1500
2017 ,P62419,NAS,1500
2017 ,P62414,NAS,1500
2017 ,P62411,NAS,1500
2017 ,P62343,NAS,1500
2017 ,P59945,NAS,1500
2017 ,P59760,NAS,1500
2017 ,P58398,NAS,1500
2017 ,"pay a stipulated penalty of $5,000.",NAS,1500
91259 ,P62152,NAS,5500
800335,P54984,NSF,10000
800080,P61514,NSF,42500
800080,P62071,NSF,42500
2619,P58429,RRF,2000
2619,P62379,RRF,2000
101128,P61226,VKT,1000
101128,P61241,VKT,1000
104234,P61429,KCM,15000
142775,P61251,MJR,12000
151198,P61209,NAS,1500
151198,P61239,NAS,1500
171203,P64323,MJR,20000
9898,P60676,MJR,1500
114083,P60677,MJR,1000
176140,P59321,NSF,1000
176140,P61494,NSF,1000
112877,P56992,NAS,10000
112877,P60354,NAS,10000
112877,P60720,NAS,10000
112877,P61506,NAS,10000
112877,P61508,NAS,10000
14966 ,P60129,RRF,600
106009,P61234,VKT,500
106009,P61244,VKT,500
148839,P61181,VKT,150
148839,P61182,VKT,150
182026,P61182,VKT,3500
173007,P64651,VKT,2310
128980,P63211,VKT,2000
177968,P64963,VKT,750
174624,P64955,VKT,800
172190,P63037,VKT,1645
159150,P59683,VKT,1340
175074,P60682,VKT,375
132784,P59684,VKT,1260
559,P60529,VKT,1890
152574,P65351,VKT,1800
121485,P64156,VKT,550
148882,P64158,VKT,550
133591,P64160,VKT,550
17722,P61573,VKT,1650
130235,P64061,VKT,500
136148,P62908,VKT,250
136173,P60866,VKT,400
175840,P63113,VKT,850
175840,P36745,VKT,650
176411,P63121,VKT,1000
114998,P36744,VKT,470
178153,P64121,VKT,250
110868,P63753,VKT,250
78109 ,P64157,VKT,550
11508 ,P63905,VKT,3300
114910,P62171,VKT,1500
16812 ,P62167,VKT,2200
175423,P62170,VKT,550
138034,P64068,VKT,2000
57549 ,P64159,VKT,550
177949,P64338,VKT,800
183199,P64904,VKT,450
183199,P64904,Nbr,450
45489 ,P61187,Nbr,1000
157720,P56895,NAS,1000
157720,P61300,NAS,1000
117140,P62808,NSF,1000
174618,P64331,WBW,7000
179893,P65502,NAS,15000
166073,P62950,NAS,7900
166073,P62951,NAS,7900
125483,P56720,NSF,6500
125483,P56723,NSF,6500
23194 ,P57694,NSF,2000
119267,P57294,NSF,1000
178612,P61392,KCM,4500
155877,P60271,KCM,29015
155877,P60275,KCM,29015
135460,P63100,NSF,2500
7450 ,P62381,TRB,3000
7450 ,P62382,TRB,3000
175340,P57464,MJR,12000
175340,P61720,MJR,12000
175340,P61719,MJR,12000
140373,P61359,MJR,99500
176509,P63220,MJR,501
174659,P64654,MJR,1001
174659,P64659,MJR,1000
148892,P63210,MJR,500
176767,P63158,MJR,480
172411,P63115,MJR,3900
19194,P62385,MJR,950
122549,P65007,MJR,750
157879,P63043,MJR,1350
182653,P64662,MJR,1125
144522,P59536,MJR,1000
175762,P61696,MJR,800
10827 ,P64167,MJR,1000
10827 ,P64155,MJR,2500
48185 ,P64118,MJR,900
143710,P60091,MJR,480
183200,P59537,MJR,4650
106708,P64066,MJR,300
136254,P64965,MJR,600
182680,P64214,MJR,550
125609,P64214,NSF,20000
800181,P59283,NSF,11000
800181,P60580,NSF,11000
139445,P62488,BST,3200
147808,P63857,SMP,4000
800091,P37238,SMP,25000
24812 ,P60717,BST,75000
38286 ,P65003,WBW,500
137961,P64116,NSF,1000
157216,P61972,BST,1000
157216,P63003,BST,1000
157216,P64329,BST,1000
7427 ,P62080,BST,9000
94272 ,P62752,BST,2250
800026,P60355,NAS,84500
800026,P60356,NAS,84500
800026,P61020,NAS,84500
158685,P50629,MJR,99999
159801,P64820,BST,500
2846 ,P60679,WBW,5000
149101,P64078,WBW,550
165227,P63678,WBW,3600
222 ,P64133,WBW,770
182732,P56742,WBW,3640
12129 ,P64132,WBW,4620
182058,P64164,WBW,2200
109461,P64134,WBW,1100
115488,P65712,WBW,1800
177755,P65455,WBW,1600
175492,P64365,WBW,770
142874,P65362,WBW,375
119665,P65254,WBW,850
108802,P65005,WBW,300
174205,P64016,WBW,600
184450,P59694,WBW,7425
182165,P64337,WBW,400
146890,P64343,WBW,150
158390,P64958,WBW,640
92642,P64342,WBW,300
132187,P64067,WBW,3200
800003,P64461,WBW,425
62862,P56048,WBW,400
96025,P63604,WBW,1100
112655,P64222,WBW,150
172542,P64227,WBW,1500
184917,P63864,WBW,300
134211,P64076,WBW,2200
173522,P63611,WBW,1100
63951 ,P64075,WBW,375
109105,P64074,WBW,50
114608,P63716,WBW,450
164601,P59690,WBW,300
177498,P64914,WBW,550
142375,P63133,WBW,1000
185156,P65364,WBW,2750
173381,P63675,WBW,2000
158430,P63685,WBW,3375
145733,P64208,WBW,850
145733,P64220,WBW,800
184743,P65360,WBW,800
